accuracy,f1,precision,recall
0.6235294117647059,0.6054955315459517,0.7267057173500536,0.6235294117647059
0.7407407407407407,0.7407407407407407,0.7933501683501684,0.7407407407407407
0.7222222222222222,0.7169376225066298,0.7764411027568922,0.7222222222222222
0.7,0.696969696969697,0.7083333333333333,0.7
0.7464788732394366,0.7444571736639936,0.7619278891741251,0.7464788732394366
0.717948717948718,0.7162786774628879,0.7962251213482741,0.717948717948718
0.7727272727272727,0.764957264957265,0.8142857142857143,0.7727272727272727
0.6052631578947368,0.5955268721486592,0.6296356275303644,0.6052631578947368
0.7126436781609196,0.6942175220238422,0.740245960935616,0.7126436781609196
0.7466666666666667,0.7431311504741456,0.7871023302938196,0.7466666666666667
0.8,0.7979949874686717,0.8640000000000001,0.8
0.775,0.7699226305609285,0.7907967032967033,0.775
0.6326530612244898,0.6298887447955771,0.6465869106263195,0.6326530612244898
0.7674418604651163,0.75946387969205,0.7846099943064861,0.7674418604651163
0.7474747474747475,0.7474747474747475,0.7928953113982551,0.7474747474747475
0.8181818181818182,0.8174289478637305,0.8304306220095693,0.8181818181818182
0.6808510638297872,0.6642050785387851,0.7343313757581592,0.6808510638297872
0.68,0.6835897435897437,0.8007470288624787,0.68
0.6708860759493671,0.6596059616169865,0.6818002812939522,0.6708860759493671
0.5,0.4666666666666667,0.5,0.5
0.7555555555555555,0.7441269841269842,0.8026709401709401,0.7555555555555555
0.7352941176470589,0.7368983957219252,0.8029411764705883,0.7352941176470589
0.78125,0.7806085043988269,0.7938988095238095,0.78125
0.6666666666666666,0.6653431650595576,0.7023529411764706,0.6666666666666666
0.7377049180327869,0.7247124460239215,0.7572104847900412,0.7377049180327869
0.8333333333333334,0.8285714285714286,0.875,0.8333333333333334
0.7254901960784313,0.7179605384473537,0.7716262975778548,0.7254901960784313
0.6530612244897959,0.6349679376313759,0.7077384944588164,0.6530612244897959
0.6944444444444444,0.687232275548562,0.7213947990543735,0.6944444444444444
0.8433734939759037,0.8404248999584173,0.858649693112071,0.8433734939759037
0.7777777777777778,0.7742809686161378,0.7909465020576132,0.7777777777777778
0.6,0.5513888888888888,0.7904761904761906,0.6
0.7755102040816326,0.7722033257747544,0.8022207553823478,0.7755102040816326
0.3333333333333333,0.3333333333333333,0.3333333333333333,0.3333333333333333
0.6923076923076923,0.6865384615384615,0.6892911010558069,0.6923076923076923
0.7397260273972602,0.7290777643451318,0.7895392278953922,0.7397260273972602
0.7391304347826086,0.7381422924901185,0.7484949832775919,0.7391304347826086
0.825,0.8266499057196732,0.8541353383458647,0.825
0.7777777777777778,0.7739820565907523,0.7952069716775598,0.7777777777777778
0.7205882352941176,0.7117150657731447,0.7610148802604045,0.7205882352941176
0.71875,0.6999602332979852,0.7643229166666666,0.71875
0.825,0.8116363636363637,0.864516129032258,0.825
0.8,0.780952380952381,0.85,0.8
0.6875,0.6813295304958316,0.7269924098671726,0.6875
0.7727272727272727,0.7629992035498919,0.7860124198310088,0.7727272727272727
0.7111111111111111,0.7059344062828384,0.7619731800766284,0.7111111111111111
0.72,0.7172727272727272,0.7240000000000001,0.72
0.6989247311827957,0.6935637043163926,0.7050890339733488,0.6989247311827957
0.7368421052631579,0.7368421052631579,0.8464912280701755,0.7368421052631579
0.7887323943661971,0.7896551434874882,0.8290890504316221,0.7887323943661971
1.0,1.0,1.0,1.0
0.7931034482758621,0.7880324543610547,0.8156079854809437,0.7931034482758621
0.7402597402597403,0.7263450834879407,0.7694805194805194,0.7402597402597403
0.7564102564102564,0.7483030708837161,0.7867247218190615,0.7564102564102564
0.8194444444444444,0.8117845117845118,0.8224373827650888,0.8194444444444444
0.6987951807228916,0.6906046417854295,0.7193396964481302,0.6987951807228916
0.7666666666666667,0.7627384960718293,0.8041467304625199,0.7666666666666667
0.7894736842105263,0.7876794258373206,0.7903890160183067,0.7894736842105263
0.7878787878787878,0.7806267806267807,0.8317460317460318,0.7878787878787878
0.7340425531914894,0.7261077048311091,0.758963297055267,0.7340425531914894
0.7647058823529411,0.7622549019607843,0.8099547511312217,0.7647058823529411
0.7209302325581395,0.7135417334752883,0.7605481225115717,0.7209302325581395
0.8596491228070176,0.8564593301435407,0.889995258416311,0.8596491228070176
0.7446808510638298,0.7362065312793196,0.7640735815602837,0.7446808510638298
0.8313253012048193,0.8285838389017061,0.8513557953899967,0.8313253012048193
0.8378378378378378,0.8354247104247104,0.8536175927480276,0.8378378378378378
0.9090909090909091,0.9026737967914439,0.9191919191919191,0.9090909090909091
0.8020833333333334,0.8010927594260927,0.8017037786774628,0.8020833333333334
0.7368421052631579,0.7286793789125567,0.7724692275042445,0.7368421052631579
0.7,0.6909090909090909,0.8285714285714285,0.7
0.7676767676767676,0.7655355397290882,0.80011655011655,0.7676767676767676
0.7341772151898734,0.7259527681757187,0.8136333802156587,0.7341772151898734
0.8080808080808081,0.803898598345953,0.8296536796536796,0.8080808080808081
0.5357142857142857,0.5357142857142857,0.6923558897243108,0.5357142857142857
0.7567567567567568,0.7578259578259579,0.7688477951635846,0.7567567567567568
0.75,0.7333333333333334,0.8333333333333333,0.75
0.7142857142857143,0.7033730158730158,0.8059079903147699,0.7142857142857143
0.7848101265822784,0.7807831815826486,0.7898361876396127,0.7848101265822784
0.7368421052631579,0.7368421052631579,0.7409356725146199,0.7368421052631579
0.6825396825396826,0.6746031746031746,0.7407407407407408,0.6825396825396826
0.8076923076923077,0.8022836538461539,0.8204912734324499,0.8076923076923077
0.7764705882352941,0.7689019440469316,0.8311321463451281,0.7764705882352941
0.6944444444444444,0.6892987614719772,0.6941657376439986,0.6944444444444444
0.7464788732394366,0.7361863488624053,0.7590878604963112,0.7464788732394366
0.7241379310344828,0.7195157740278796,0.7817018909899888,0.7241379310344828
0.7678571428571429,0.7617021276595745,0.798719772403983,0.7678571428571429
0.8382352941176471,0.8385502156735505,0.8686532507739938,0.8382352941176471
0.8823529411764706,0.8892156862745099,0.9215686274509803,0.8823529411764706
0.7931034482758621,0.7886273209549072,0.8584392014519057,0.7931034482758621
0.7446808510638298,0.740004676174889,0.7813934084272007,0.7446808510638298
0.7419354838709677,0.7400537634408602,0.8189664472974431,0.7419354838709677
0.7752808988764045,0.7711534051822976,0.820816085156712,0.7752808988764045
0.7,0.7039743075070253,0.7776683087027915,0.7
0.8080808080808081,0.803898598345953,0.8296536796536796,0.8080808080808081
0.782608695652174,0.7787482507358973,0.7836151368760064,0.782608695652174
0.6521739130434783,0.6401337792642141,0.7290372670807453,0.6521739130434783
0.8235294117647058,0.8209437621202327,0.8244206773618539,0.8235294117647058
0.9,0.898989898989899,0.9166666666666667,0.9
0.7321428571428571,0.732740943267259,0.7564976958525345,0.7321428571428571
0.8160919540229885,0.8123356622342423,0.8316515705281001,0.8160919540229885
0.7474747474747475,0.7381209353812094,0.7573708095447226,0.7474747474747475
0.7872340425531915,0.7833372301457407,0.8282853566958697,0.7872340425531915
0.7777777777777778,0.7744444444444445,0.8001867413632119,0.7777777777777778
0.8055555555555556,0.8041152263374486,0.8039762170196953,0.8055555555555556
0.75,0.7513513513513514,0.8111111111111112,0.75
0.6506024096385542,0.6412782337653059,0.677710843373494,0.6506024096385542
0.6666666666666666,0.6577891591976098,0.7108843537414967,0.6666666666666666
0.8266666666666667,0.8220177562550443,0.8434666666666667,0.8266666666666667
0.7676767676767676,0.7669653563294474,0.8025290754474943,0.7676767676767676
0.7962962962962963,0.7948247525130909,0.8209701178451178,0.7962962962962963
0.7878787878787878,0.7855065096444407,0.7966200466200467,0.7878787878787878
0.76,0.7495238095238096,0.7501754385964913,0.76
0.7837837837837838,0.768300269579042,0.8045351853401389,0.7837837837837838
0.8125,0.8071862348178138,0.83984375,0.8125
0.8285714285714286,0.8242857142857143,0.8732919254658386,0.8285714285714286
0.75,0.6428571428571428,0.5625,0.75
0.6829268292682927,0.6795235394214407,0.7465290806754221,0.6829268292682927
0.7307692307692307,0.7305479330795788,0.7363654863654864,0.7307692307692307
0.8333333333333334,0.8285714285714285,0.875,0.8333333333333334
0.8387096774193549,0.8366615463389657,0.851018675721562,0.8387096774193549
0.723404255319149,0.723404255319149,0.7784754439289714,0.723404255319149
0.7435897435897436,0.7394457394457395,0.7516736137425792,0.7435897435897436
0.8205128205128205,0.8116710875331565,0.8653846153846154,0.8205128205128205
0.7272727272727273,0.7226107226107227,0.7305194805194805,0.7272727272727273
0.7444444444444445,0.7462447987475795,0.8166808317751715,0.7444444444444445
0.7619047619047619,0.7489711934156377,0.790707587382779,0.7619047619047619
0.7931034482758621,0.7945812807881774,0.8661257606490872,0.7931034482758621
0.8,0.7809523809523808,0.85,0.8
0.7391304347826086,0.7351552795031056,0.7786400917188464,0.7391304347826086
1.0,1.0,1.0,1.0
0.2,0.13333333333333333,0.1,0.2
1.0,1.0,1.0,1.0
0.82,0.8158385876418663,0.8294474153297682,0.82
0.7692307692307693,0.7631975867269986,0.767094017094017,0.7692307692307693
0.6875,0.6825980392156863,0.7719155844155844,0.6875
0.7444444444444445,0.7412894375857338,0.7612698412698412,0.7444444444444445
0.7333333333333333,0.7222222222222221,0.7777777777777778,0.7333333333333333
0.7701149425287356,0.7596003134796239,0.7949276974416017,0.7701149425287356
0.8135593220338984,0.8130231107081402,0.8243253921220023,0.8135593220338984
0.8076923076923077,0.8058894230769231,0.8065881486934118,0.8076923076923077
0.6470588235294118,0.6319327731092437,0.6980392156862746,0.6470588235294118
1.0,1.0,1.0,1.0
0.717391304347826,0.7033671134357633,0.7525083612040133,0.717391304347826
0.75,0.7482517482517483,0.7571428571428572,0.75
0.7040816326530612,0.6933706994324627,0.7096738695478191,0.7040816326530612
0.7692307692307693,0.7692307692307693,0.8557692307692307,0.7692307692307693
0.8095238095238095,0.8077922077922078,0.868131868131868,0.8095238095238095
0.675,0.661798839458414,0.7258928571428571,0.675
0.75,0.75,0.75,0.75
0.7362637362637363,0.7274245119329528,0.7827989585497929,0.7362637362637363
0.8055555555555556,0.8032893032893033,0.8335137085137085,0.8055555555555556
0.7142857142857143,0.7168399927020618,0.8132161955691368,0.7142857142857143
0.7763157894736842,0.7727615266558224,0.8175516917293233,0.7763157894736842
0.75,0.7440991345397325,0.7831914893617022,0.75
0.8205128205128205,0.8126920283783029,0.8363303363303363,0.8205128205128205
0.8571428571428571,0.8634920634920634,0.9047619047619048,0.8571428571428571
0.76,0.7584615384615385,0.7973333333333333,0.76
0.8235294117647058,0.8222910216718267,0.826890756302521,0.8235294117647058
0.8571428571428571,0.8549019607843137,0.8641304347826086,0.8571428571428571
0.7058823529411765,0.6955624355005159,0.8284313725490197,0.7058823529411765
0.8076923076923077,0.8047834518422754,0.8044871794871795,0.8076923076923077
0.7619047619047619,0.7586357197341178,0.788003663003663,0.7619047619047619
0.8369565217391305,0.8335157671071906,0.847350543478261,0.8369565217391305
0.7391304347826086,0.7256661991584852,0.7410485933503838,0.7391304347826086
0.7307692307692307,0.7307692307692307,0.7868958997991256,0.7307692307692307
0.5,0.5,0.625,0.5
0.5,0.6666666666666666,1.0,0.5
0.5789473684210527,0.5859649122807017,0.7180451127819548,0.5789473684210527
0.85,0.849624060150376,0.8535353535353536,0.85
0.8157894736842105,0.8156618156618156,0.8166666666666668,0.8157894736842105
0.8125,0.809375,0.8130411255411256,0.8125
0.7101449275362319,0.6970156036964097,0.7721384205856255,0.7101449275362319
0.75,0.7333333333333334,0.8333333333333333,0.75
1.0,1.0,1.0,1.0
0.6721311475409836,0.6700113058224986,0.6916575591985429,0.6721311475409836
0.6923076923076923,0.6792176792176792,0.7421652421652422,0.6923076923076923
0.7564102564102564,0.7558896799403129,0.79875627090301,0.7564102564102564
0.65625,0.6476476476476476,0.6731601731601732,0.65625
0.7857142857142857,0.7840659340659342,0.8009599096555619,0.7857142857142857
0.796875,0.7937129355077835,0.8238281249999999,0.796875
0.6,0.45,0.36,0.6
0.797752808988764,0.7976506639427987,0.8007809387202167,0.797752808988764
0.7435897435897436,0.7417853082877713,0.740989010989011,0.7435897435897436
0.7078651685393258,0.7063144022449188,0.7410077026358561,0.7078651685393258
0.7209302325581395,0.7100775193798449,0.7883124627310674,0.7209302325581395
0.7777777777777778,0.7640522875816993,0.8444444444444443,0.7777777777777778
0.7407407407407407,0.7340067340067341,0.7469135802469137,0.7407407407407407
0.7837837837837838,0.7834676782045203,0.787758346581876,0.7837837837837838
0.7560975609756098,0.7510720986330742,0.7499299130922343,0.7560975609756098
0.8333333333333334,0.8338493292053664,0.8395061728395061,0.8333333333333334
0.6153846153846154,0.6153846153846154,0.6227106227106227,0.6153846153846154
0.6222222222222222,0.6225960745505525,0.6235836627140976,0.6222222222222222
0.7777777777777778,0.738095238095238,0.8333333333333334,0.7777777777777778
0.56,0.5339901477832513,0.6894736842105263,0.56
0.8651685393258427,0.864485502544312,0.8780626384202409,0.8651685393258427
0.6111111111111112,0.5981047937569676,0.6006060606060606,0.6111111111111112
0.8478260869565217,0.846309403437816,0.8858695652173914,0.8478260869565217
1.0,1.0,1.0,1.0
0.8367346938775511,0.8320085929108486,0.8550556586270872,0.8367346938775511
0.7763157894736842,0.7673064564089283,0.8098527697422391,0.7763157894736842
0.7714285714285715,0.7687074829931972,0.7712287712287712,0.7714285714285715
0.5555555555555556,0.5555555555555556,0.5555555555555556,0.5555555555555556
0.8571428571428571,0.8571428571428571,0.8728342595619484,0.8571428571428571
0.7560975609756098,0.7587233049363985,0.7939082740109699,0.7560975609756098
0.5333333333333333,0.5333333333333333,0.8303030303030303,0.5333333333333333
0.7887323943661971,0.7879262004078745,0.7874443240640423,0.7887323943661971
0.7,0.7023359288097886,0.7842592592592592,0.7
0.8333333333333334,0.8380952380952381,0.8888888888888888,0.8333333333333334
0.7209302325581395,0.7172901921132456,0.7665805340223945,0.7209302325581395
0.78,0.7756017951856384,0.8038194444444444,0.78
0.7441860465116279,0.7383355272780459,0.746211961338792,0.7441860465116279
0.7195121951219512,0.7115320362898044,0.8102720450281427,0.7195121951219512
0.7582417582417582,0.758592132505176,0.7857142857142857,0.7582417582417582
0.7142857142857143,0.7142857142857143,0.7440476190476192,0.7142857142857143
0.8297872340425532,0.8283474644056952,0.8300317926143311,0.8297872340425532
0.7741935483870968,0.7694145758661888,0.8079178885630499,0.7741935483870968
0.5,0.5,0.5,0.5
0.7708333333333334,0.7680499325236166,0.7715277777777777,0.7708333333333334
0.6410256410256411,0.5911680911680912,0.710955710955711,0.6410256410256411
0.7450980392156863,0.7407592824363788,0.8115468409586056,0.7450980392156863
0.6774193548387096,0.6675155631013016,0.6817204301075269,0.6774193548387096
0.74,0.7351632906159571,0.7459027777777777,0.74
0.675,0.6741869918699187,0.687063492063492,0.675
0.717948717948718,0.7122507122507122,0.7315018315018316,0.717948717948718
0.7142857142857143,0.70578231292517,0.7629870129870131,0.7142857142857143
0.7368421052631579,0.7294707356626862,0.8380566801619433,0.7368421052631579
0.6907216494845361,0.6853503916818446,0.730742553090408,0.6907216494845361
0.6865671641791045,0.6819216292219566,0.716275764036958,0.6865671641791045
0.8163265306122449,0.8170927945646345,0.8349259436215958,0.8163265306122449
0.6862745098039216,0.6667931688804553,0.773517504167659,0.6862745098039216
0.7157894736842105,0.7084652808491819,0.7947421477079796,0.7157894736842105
0.8028169014084507,0.7996147827133743,0.8018679452602137,0.8028169014084507
0.8405797101449275,0.8348395360421262,0.8490683229813665,0.8405797101449275
0.88,0.8763327674023769,0.9011764705882354,0.88
0.7701149425287356,0.7625994694960212,0.799240210403273,0.7701149425287356
0.7125,0.7077468115257439,0.7564908722109533,0.7125
0.7912087912087912,0.788911858218789,0.8026473526473525,0.7912087912087912
0.7647058823529411,0.7647058823529411,0.7647058823529411,0.7647058823529411
0.8,0.7963483553108245,0.8042424242424244,0.8
0.8888888888888888,0.878968253968254,0.9037037037037037,0.8888888888888888
0.8163265306122449,0.8131827827408241,0.8280301367858971,0.8163265306122449
0.8390804597701149,0.8332869855394883,0.8528503717876245,0.8390804597701149
0.8309859154929577,0.828718653383717,0.8388817755014938,0.8309859154929577
0.9152542372881356,0.9138046740361747,0.9176628010704729,0.9152542372881356
0.75,0.7420289855072464,0.7575259989053093,0.75
0.746031746031746,0.7338680033416877,0.8077601410934744,0.746031746031746
0.6966292134831461,0.6919958299548246,0.7291879468845762,0.6966292134831461
0.7941176470588235,0.7902120197672564,0.7994652406417112,0.7941176470588235
0.6956521739130435,0.6788710907704043,0.7387410772225828,0.6956521739130435
0.7796610169491526,0.7750182288954034,0.8092901745890149,0.7796610169491526
0.8235294117647058,0.8179028132992326,0.8268382352941176,0.8235294117647058
0.7166666666666667,0.7086956521739131,0.7533333333333334,0.7166666666666667
0.8181818181818182,0.7828282828282828,0.8545454545454546,0.8181818181818182
0.734375,0.7403477884852977,0.8074199507389163,0.734375
0.8461538461538461,0.8452380952380951,0.8545454545454546,0.8461538461538461
0.7843137254901961,0.7828001375988992,0.7868347338935575,0.7843137254901961
0.5714285714285714,0.5904761904761904,0.630952380952381,0.5714285714285714
0.5769230769230769,0.5674086033906124,0.6033182503770739,0.5769230769230769
0.7846153846153846,0.7782608695652173,0.7866666666666666,0.7846153846153846
0.7777777777777778,0.738095238095238,0.8333333333333334,0.7777777777777778
0.782608695652174,0.7795721187025535,0.8185424282492029,0.782608695652174
0.9375,0.9348958333333334,0.9425,0.9375
0.64,0.6318840579710144,0.7367647058823529,0.64
0.7391304347826086,0.7299771167048056,0.7841079460269865,0.7391304347826086
0.7142857142857143,0.6959511077158135,0.8231292517006803,0.7142857142857143
0.8235294117647058,0.8201871657754011,0.8230644036270636,0.8235294117647058
0.8148148148148148,0.8070987654320988,0.8227920227920228,0.8148148148148148
0.7525773195876289,0.7539986839219127,0.8085868745285392,0.7525773195876289
0.8125,0.8102941176470588,0.8687499999999999,0.8125
0.7636363636363637,0.766957632531403,0.794949494949495,0.7636363636363637
0.4666666666666667,0.47619047619047616,0.5555555555555555,0.4666666666666667
0.6842105263157895,0.6788790157211211,0.6805120910384068,0.6842105263157895
0.782608695652174,0.7622811970638057,0.7774599542334096,0.782608695652174
0.7571428571428571,0.755802202295762,0.7801754175177219,0.7571428571428571
0.7083333333333334,0.6889626818469323,0.7430555555555557,0.7083333333333334
0.8266666666666667,0.8232156862745098,0.8579012345679011,0.8266666666666667
0.6744186046511628,0.6672786617707058,0.7102990033222591,0.6744186046511628
0.6557377049180327,0.6459473634664264,0.7014794082367054,0.6557377049180327
0.717391304347826,0.7149827075098815,0.7705459300424976,0.717391304347826
0.8809523809523809,0.8790425261013497,0.8867724867724867,0.8809523809523809
0.8666666666666667,0.86,0.8909090909090909,0.8666666666666667
0.7755102040816326,0.7740848720440557,0.7733343337334934,0.7755102040816326
0.7547169811320755,0.7455176945461373,0.7656489036206017,0.7547169811320755
0.76,0.7514431239388795,0.7759700794763909,0.76
1.0,1.0,1.0,1.0
0.7070707070707071,0.6957770475842765,0.7713804713804715,0.7070707070707071
0.8461538461538461,0.8403846153846154,0.8803418803418803,0.8461538461538461
0.8076923076923077,0.8074074074074075,0.8095238095238095,0.8076923076923077
0.7108433734939759,0.7030330204370905,0.7271788452511344,0.7108433734939759
0.8181818181818182,0.8084415584415584,0.8636363636363636,0.8181818181818182
0.78,0.7776154154957848,0.8285908319185059,0.78
0.7230769230769231,0.7193633952254642,0.7384615384615385,0.7230769230769231
0.7692307692307693,0.7655011655011656,0.7787581876251827,0.7692307692307693
0.75,0.7555555555555555,0.7714285714285714,0.75
0.77,0.7712681704260652,0.7912404656764351,0.77
0.7647058823529411,0.7751423149905123,0.8434389140271492,0.7647058823529411
0.6,0.5878787878787879,0.7,0.6
0.6,0.6,0.7186813186813186,0.6
0.8194444444444444,0.8174830469418658,0.823728354978355,0.8194444444444444
0.5384615384615384,0.4583333333333333,0.5942028985507246,0.5384615384615384
0.746031746031746,0.7434560030908915,0.7658145363408522,0.746031746031746
0.7058823529411765,0.684956986747268,0.7160633484162896,0.7058823529411765
0.7849462365591398,0.7822354748350953,0.8068289002075081,0.7849462365591398
0.8089887640449438,0.8076806338304133,0.8233373823261464,0.8089887640449438
0.6666666666666666,0.6515837104072398,0.8181818181818182,0.6666666666666666
0.7627118644067796,0.7533980185048719,0.7934867484268062,0.7627118644067796
0.75,0.75,0.85,0.75
0.746268656716418,0.7442265533499504,0.7700248756218906,0.746268656716418
0.7125,0.7120951337818807,0.7137020741671904,0.7125
0.7894736842105263,0.7832080200501255,0.796221322537112,0.7894736842105263
0.9230769230769231,0.9210658622423329,0.9316239316239316,0.9230769230769231
0.6,0.45,0.36,0.6
0.6811594202898551,0.6779388083735909,0.7534650856389986,0.6811594202898551
0.7051282051282052,0.7041088952200064,0.7146064719594131,0.7051282051282052
0.5909090909090909,0.5779904306220096,0.6320346320346321,0.5909090909090909
0.8,0.8,0.8666666666666666,0.8
0.7560975609756098,0.7572590011614402,0.817790530846485,0.7560975609756098
0.8823529411764706,0.8754901960784314,0.9004524886877828,0.8823529411764706
0.75,0.7666666666666667,0.875,0.75
0.7446808510638298,0.7432882011605416,0.7528762805358552,0.7446808510638298
0.9,0.8979166666666666,0.9153846153846154,0.9
0.7959183673469388,0.7933415790558647,0.8156820622986036,0.7959183673469388
1.0,1.0,1.0,1.0
0.8333333333333334,0.8266919671094244,0.8501400560224089,0.8333333333333334
0.7692307692307693,0.7511312217194571,0.8384615384615384,0.7692307692307693
1.0,1.0,1.0,1.0
0.7894736842105263,0.7875146924382918,0.8036074841836048,0.7894736842105263
0.8,0.7984962406015038,0.834375,0.8
0.7608695652173914,0.7532821373554365,0.7583921714356496,0.7608695652173914
0.7126436781609196,0.7117247505494421,0.7125140437300148,0.7126436781609196
0.7931034482758621,0.7869351038766331,0.813951323933175,0.7931034482758621
0.71875,0.7167609618104668,0.7419590643274855,0.71875
0.717948717948718,0.716464237516869,0.7786324786324786,0.717948717948718
0.7191011235955056,0.713713726656409,0.7519034594914252,0.7191011235955056
0.7204301075268817,0.7139391555205875,0.7660408954697691,0.7204301075268817
0.7647058823529411,0.7571428571428571,0.8023715415019762,0.7647058823529411
0.7391304347826086,0.7361204013377926,0.7446514837819186,0.7391304347826086
0.75,0.7481203007518796,0.78125,0.75
0.7142857142857143,0.7018687527162104,0.7571214392803598,0.7142857142857143
0.8421052631578947,0.8366132723112127,0.8785425101214576,0.8421052631578947
0.7741935483870968,0.7741935483870968,0.815550041356493,0.7741935483870968
0.746031746031746,0.7317867317867318,0.8054236187228514,0.746031746031746
0.8,0.7934065934065935,0.8047619047619048,0.8
0.813953488372093,0.8110594315245478,0.8229974160206718,0.813953488372093
0.7692307692307693,0.7677095481973532,0.7922240802675585,0.7692307692307693
1.0,1.0,1.0,1.0
0.6666666666666666,0.656891495601173,0.65,0.6666666666666666
0.7789473684210526,0.7707844590764401,0.7953198042127262,0.7789473684210526
0.8026315789473685,0.8014253811585013,0.8073041267942584,0.8026315789473685
0.7407407407407407,0.7250280583613916,0.8314814814814816,0.7407407407407407
0.6666666666666666,0.6524959742351046,0.693627450980392,0.6666666666666666
0.7628865979381443,0.7552883421409803,0.7778214469268676,0.7628865979381443
0.7450980392156863,0.7338868374218941,0.8026143790849672,0.7450980392156863
0.6666666666666666,0.625,0.7999999999999999,0.6666666666666666
0.7222222222222222,0.7135416666666666,0.8333333333333334,0.7222222222222222
0.8035714285714286,0.7999881544657664,0.8100198412698413,0.8035714285714286
0.7358490566037735,0.7205152170103394,0.7669500311009745,0.7358490566037735
0.8571428571428571,0.8571428571428571,0.8928571428571429,0.8571428571428571
0.71875,0.7201246334310851,0.7571924603174602,0.71875
0.88,0.8812224108658744,0.8853333333333333,0.88
0.7959183673469388,0.7922740524781341,0.813912661838929,0.7959183673469388
0.7333333333333333,0.7341238471673254,0.7613333333333333,0.7333333333333333
0.6779661016949152,0.6540007883326765,0.7376916868442291,0.6779661016949152
0.7,0.6901098901098901,0.6952380952380952,0.7
0.6428571428571429,0.6316964285714286,0.6854636591478697,0.6428571428571429
1.0,1.0,1.0,1.0
0.6153846153846154,0.5852187028657616,0.6307692307692307,0.6153846153846154
0.7291666666666666,0.7242193598750976,0.7252604166666666,0.7291666666666666
0.76,0.7563845050215209,0.7939209726443769,0.76
0.9285714285714286,0.9264828738512948,0.9357142857142857,0.9285714285714286
0.7926829268292683,0.7930838076787728,0.8342204759433611,0.7926829268292683
0.7540983606557377,0.7540983606557377,0.8047905282331512,0.7540983606557377
0.36363636363636365,0.29090909090909095,0.2424242424242424,0.36363636363636365
0.7127659574468085,0.706970438712107,0.7149063005358784,0.7127659574468085
0.8082191780821918,0.8048374629621677,0.8130619016658073,0.8082191780821918
0.7052631578947368,0.6922009569377992,0.8037954363031762,0.7052631578947368
0.5714285714285714,0.5142857142857143,0.7857142857142857,0.5714285714285714
0.8082191780821918,0.8056766293067663,0.8349641226353555,0.8082191780821918
0.5,0.6666666666666666,1.0,0.5
0.8,0.8,0.8161616161616161,0.8
0.75,0.7433333333333334,0.7528490028490028,0.75
0.8235294117647058,0.8216386554621848,0.8256841198017668,0.8235294117647058
0.8214285714285714,0.815765282671978,0.8312334217506632,0.8214285714285714
0.6481481481481481,0.6403292181069958,0.6553606237816765,0.6481481481481481
0.6,0.5666666666666667,0.8,0.6
0.7763157894736842,0.7723998324724278,0.7914708646616541,0.7763157894736842
0.6986301369863014,0.6978382492081122,0.7506334006097822,0.6986301369863014
0.875,0.873015873015873,0.9,0.875
0.5,0.5,0.5666666666666667,0.5
0.7872340425531915,0.780035194368901,0.823758865248227,0.7872340425531915
0.7352941176470589,0.724762053362459,0.8345588235294118,0.7352941176470589
0.7321428571428571,0.7266763848396501,0.7616071428571428,0.7321428571428571
0.8490566037735849,0.8479722402949468,0.8568029657500138,0.8490566037735849
0.7272727272727273,0.7185865993618744,0.7691655359565807,0.7272727272727273
0.7169811320754716,0.7192008879023307,0.7851491174680462,0.7169811320754716
0.7640449438202247,0.7640449438202247,0.7688831210227339,0.7640449438202247
0.7906976744186046,0.7909245604083949,0.7920064431692339,0.7906976744186046
0.7804878048780488,0.7650633955916657,0.8442171518489378,0.7804878048780488
0.7638888888888888,0.7583804143126177,0.7784633569739952,0.7638888888888888
0.7692307692307693,0.7733825394994811,0.813903133903134,0.7692307692307693
0.8095238095238095,0.8112554112554113,0.8730158730158729,0.8095238095238095
0.6962025316455697,0.6907421196326632,0.7086861632474901,0.6962025316455697
0.7222222222222222,0.708994708994709,0.8290598290598291,0.7222222222222222
0.7215189873417721,0.7196421897596724,0.7651082074316048,0.7215189873417721
0.7872340425531915,0.783096926713948,0.8062578222778473,0.7872340425531915
1.0,1.0,1.0,1.0
0.7333333333333333,0.7121212121212122,0.7222222222222221,0.7333333333333333
0.7435897435897436,0.7337278106508877,0.7412587412587412,0.7435897435897436
0.8314606741573034,0.8287116832115196,0.84393696191449,0.8314606741573034
0.8163265306122449,0.8147862918752408,0.830752990851513,0.8163265306122449
0.6842105263157895,0.6824561403508771,0.6961722488038277,0.6842105263157895
0.7959183673469388,0.7948915415222694,0.7999271137026238,0.7959183673469388
0.717948717948718,0.717948717948718,0.7987179487179487,0.717948717948718
0.803030303030303,0.7937325322946238,0.857511283043198,0.803030303030303
0.875,0.8589743589743589,0.8928571428571428,0.875
0.7058823529411765,0.6929541047188107,0.7294117647058824,0.7058823529411765
0.7083333333333334,0.700016616816218,0.7274305555555556,0.7083333333333334
0.6923076923076923,0.675,0.744360902255639,0.6923076923076923
0.8571428571428571,0.8571428571428571,0.8928571428571429,0.8571428571428571
0.7027027027027027,0.6764920022062879,0.7561742777260019,0.7027027027027027
0.75,0.7391774891774892,0.7548309178743962,0.75
0.6,0.6761904761904762,0.9199999999999999,0.6
0.7619047619047619,0.7557204700061843,0.7698412698412699,0.7619047619047619
0.7676767676767676,0.7594480817621313,0.790461541410308,0.7676767676767676
0.8142857142857143,0.8121904761904762,0.852319429063615,0.8142857142857143
0.9166666666666666,0.9172494172494172,0.9305555555555557,0.9166666666666666
0.7575757575757576,0.7323232323232324,0.7744107744107744,0.7575757575757576
0.7875,0.786592024054439,0.7879315856777493,0.7875
0.7073170731707317,0.7020148462354189,0.7287054409005629,0.7073170731707317
0.711864406779661,0.704194426480983,0.7322033898305085,0.711864406779661
0.7564102564102564,0.7538673974465192,0.7721697200077434,0.7564102564102564
0.6363636363636364,0.5948051948051948,0.6742424242424243,0.6363636363636364
0.6,0.45,0.36,0.6
0.8247422680412371,0.8204169508816014,0.8256398420269786,0.8247422680412371
0.7361111111111112,0.7338164251207729,0.7993827160493827,0.7361111111111112
0.7070707070707071,0.6972504850693295,0.773417284802484,0.7070707070707071
0.7468354430379747,0.7453559099128719,0.7477693834325645,0.7468354430379747
0.6923076923076923,0.6863905325443787,0.692785475394171,0.6923076923076923
0.7592592592592593,0.7602067183462532,0.7616792929292928,0.7592592592592593
0.7692307692307693,0.7633705271258178,0.7737704918032787,0.7692307692307693
0.8,0.7885167464114832,0.8545454545454546,0.8
0.7857142857142857,0.78125,0.811111111111111,0.7857142857142857
0.7142857142857143,0.6936813186813188,0.8214285714285714,0.7142857142857143
0.7272727272727273,0.7376623376623376,0.7597402597402598,0.7272727272727273
0.828125,0.8266473225251781,0.8456161437246964,0.828125
0.7912087912087912,0.784784446322908,0.7955259026687598,0.7912087912087912
0.7142857142857143,0.7028265851795263,0.7422969187675069,0.7142857142857143
0.782608695652174,0.7769648829431438,0.8372381762582485,0.782608695652174
0.8571428571428571,0.8571428571428571,0.8928571428571429,0.8571428571428571
0.8,0.7885167464114832,0.8545454545454546,0.8
0.81,0.8028066012296408,0.8267142857142857,0.81
0.782051282051282,0.7763737237421449,0.7844218674407354,0.782051282051282
0.7903225806451613,0.7847469522497466,0.8154434078903001,0.7903225806451613
0.7176470588235294,0.7155341072127299,0.7817008879023307,0.7176470588235294
0.7755102040816326,0.7738244233863758,0.8270676691729324,0.7755102040816326
0.8666666666666667,0.8614439324116744,0.8727272727272728,0.8666666666666667
0.6851851851851852,0.6803118908382066,0.7932098765432097,0.6851851851851852
0.7948717948717948,0.7923853923853924,0.7996794871794872,0.7948717948717948
0.8279569892473119,0.8242645567052141,0.861029651352232,0.8279569892473119
0.8333333333333334,0.8333333333333334,0.8333333333333334,0.8333333333333334
0.6666666666666666,0.6666666666666666,0.8333333333333334,0.6666666666666666
0.7692307692307693,0.7625755643059176,0.8479020979020978,0.7692307692307693
0.7647058823529411,0.7513368983957219,0.7945098039215686,0.7647058823529411
0.9333333333333333,0.9312169312169313,0.9393939393939393,0.9333333333333333
0.7938144329896907,0.7903333779622439,0.8125176046419921,0.7938144329896907
0.7441860465116279,0.7407996510986545,0.7507811772840294,0.7441860465116279
0.896551724137931,0.8942385949882202,0.9128856624319419,0.896551724137931
0.8,0.8,0.8,0.8
0.8928571428571429,0.8887421255842308,0.9089285714285714,0.8928571428571429
0.6923076923076923,0.6793157581334921,0.7025235633931286,0.6923076923076923
0.6206896551724138,0.6206896551724138,0.6974921630094044,0.6206896551724138
0.7319587628865979,0.7279495990836198,0.790773908499216,0.7319587628865979
0.7325581395348837,0.7311461681583926,0.7643150283369162,0.7325581395348837
0.8333333333333334,0.8333333333333334,0.8333333333333334,0.8333333333333334
0.6538461538461539,0.6511875221552642,0.6504807692307693,0.6538461538461539
0.819672131147541,0.8169107527893956,0.8368721161421014,0.819672131147541
0.8,0.7893333333333332,0.8551724137931036,0.8
0.68,0.6639999999999999,0.739047619047619,0.68
0.6764705882352942,0.6789915966386555,0.7821590174531352,0.6764705882352942
0.8333333333333334,0.8311016433353622,0.8329153605015672,0.8333333333333334
0.8181818181818182,0.8151515151515153,0.8701298701298701,0.8181818181818182
0.7924528301886793,0.7911056073049421,0.7949427322525314,0.7924528301886793
0.7818181818181819,0.779647938268628,0.8319837025719378,0.7818181818181819
0.7714285714285715,0.7678321678321678,0.7695652173913043,0.7714285714285715
0.7938144329896907,0.7852698058883627,0.8261015035235565,0.7938144329896907
0.8421052631578947,0.8409304511278195,0.8409913673071567,0.8421052631578947
0.8526315789473684,0.8500356582513193,0.8763909774436092,0.8526315789473684
0.8,0.780952380952381,0.85,0.8
0.7142857142857143,0.7074829931972788,0.7204968944099379,0.7142857142857143
0.6702127659574468,0.6510377046786996,0.7097132284921369,0.6702127659574468
0.8076923076923077,0.8003072196620585,0.8611111111111112,0.8076923076923077
0.8064516129032258,0.8036053130929791,0.839377085650723,0.8064516129032258
0.7936507936507936,0.7865297230003112,0.8336471022517534,0.7936507936507936
0.7837837837837838,0.7791973791973792,0.7941787941787942,0.7837837837837838
0.7804878048780488,0.7707687323552552,0.8133585646201289,0.7804878048780488
1.0,1.0,1.0,1.0
0.7368421052631579,0.7357067553320898,0.7573099415204679,0.7368421052631579
0.7676767676767676,0.7628229109710591,0.7781430375180375,0.7676767676767676
0.8333333333333334,0.8238244514106583,0.8709677419354838,0.8333333333333334
0.7564102564102564,0.7505212735981966,0.7769956985643262,0.7564102564102564
0.75,0.7431818181818182,0.7427536231884058,0.75
1.0,1.0,1.0,1.0
0.6428571428571429,0.6373626373626374,0.6952380952380953,0.6428571428571429
0.775,0.7788183532369578,0.8630434782608696,0.775
0.82,0.8197118847539017,0.8300202020202019,0.82
0.85,0.848849104859335,0.8520833333333334,0.85
0.75,0.6428571428571428,0.5625,0.75
0.9166666666666666,0.9160839160839161,0.9285714285714285,0.9166666666666666
0.7317073170731707,0.7276570048309179,0.7463630613535737,0.7317073170731707
0.759493670886076,0.7555946435489106,0.7641990397206461,0.759493670886076
0.7560975609756098,0.7595985529233282,0.8216095204430304,0.7560975609756098
0.75,0.75,0.85,0.75
0.7415730337078652,0.7355916972114548,0.7750371823874218,0.7415730337078652
0.7261904761904762,0.7298900786313672,0.810204081632653,0.7261904761904762
0.25,0.4,1.0,0.25
0.76,0.7584541062801933,0.7668308702791461,0.76
0.8064516129032258,0.8019949066213922,0.8138698437675621,0.8064516129032258
0.6428571428571429,0.6346422410252197,0.6765338110165696,0.6428571428571429
0.7560975609756098,0.7393212027358369,0.7932336742722266,0.7560975609756098
0.6,0.6333333333333333,0.8666666666666666,0.6
0.8,0.8,0.8,0.8
1.0,1.0,1.0,1.0
0.7301587301587301,0.7218665528524684,0.8068475452196382,0.7301587301587301
0.7837837837837838,0.7818759936406995,0.798853398853399,0.7837837837837838
0.8153846153846154,0.8137898686679175,0.8138238573021183,0.8153846153846154
0.7222222222222222,0.708994708994709,0.8290598290598291,0.7222222222222222
0.7578947368421053,0.7450775699579527,0.789115766003638,0.7578947368421053
0.875,0.8752173913043478,0.8784722222222223,0.875
0.8,0.8065934065934066,0.8291666666666666,0.8
0.7671232876712328,0.7668608913756512,0.7691997768548937,0.7671232876712328
0.7888888888888889,0.781114413289113,0.8226830517153098,0.7888888888888889
0.0,0.0,0.0,0.0
0.717391304347826,0.728640102553146,0.7939508506616256,0.717391304347826
0.75,0.75,0.85,0.75
0.6428571428571429,0.6391941391941393,0.6627196333078686,0.6428571428571429
0.7777777777777778,0.7579365079365079,0.7629629629629631,0.7777777777777778
0.6521739130434783,0.6401337792642141,0.7290372670807453,0.6521739130434783
0.75,0.7407407407407407,0.7636363636363637,0.75
0.6829268292682927,0.6848175458498771,0.7071420235733458,0.6829268292682927
0.8,0.8,0.8,0.8
0.9210526315789473,0.9198641765704584,0.930921052631579,0.9210526315789473
0.7272727272727273,0.724009788815372,0.761650114591291,0.7272727272727273
0.8181818181818182,0.8181818181818182,0.8181818181818182,0.8181818181818182
0.7303370786516854,0.7207264504275317,0.7635976107149436,0.7303370786516854
0.7777777777777778,0.7757377940976472,0.8092403628117915,0.7777777777777778
0.7636363636363637,0.7513444302176697,0.7868181818181817,0.7636363636363637
0.85,0.8485215432272599,0.8592592592592593,0.85
0.625,0.6428571428571428,0.85,0.625
0.8285714285714286,0.8265306122448979,0.83016983016983,0.8285714285714286
0.8529411764705882,0.8528138528138528,0.8541666666666667,0.8529411764705882
0.6619718309859155,0.6509313948205362,0.7360526797146515,0.6619718309859155
0.7073170731707317,0.6908536585365853,0.7745750184774575,0.7073170731707317
0.7448979591836735,0.7370849442349608,0.7497076827842355,0.7448979591836735
0.8412698412698413,0.8398001175778953,0.8453467000835422,0.8412698412698413
0.7307692307692307,0.7327635327635327,0.7902097902097902,0.7307692307692307
0.723404255319149,0.7214805889378614,0.7202299245024022,0.723404255319149
0.7307692307692307,0.7344020297543535,0.7573964497041421,0.7307692307692307
0.7407407407407407,0.7333754208754208,0.7613168724279836,0.7407407407407407
1.0,1.0,1.0,1.0
0.7142857142857143,0.7244897959183674,0.8210678210678211,0.7142857142857143
0.8333333333333334,0.8380952380952381,0.8888888888888888,0.8333333333333334
0.723404255319149,0.7129122403478506,0.7490490433997404,0.723404255319149
0.8181818181818182,0.8165060745705908,0.854020979020979,0.8181818181818182
0.8035714285714286,0.7995626822157433,0.8401785714285713,0.8035714285714286
0.7777777777777778,0.7653092006033183,0.8011942395504039,0.7777777777777778
0.6470588235294118,0.6203208556149733,0.6787330316742082,0.6470588235294118
0.8354430379746836,0.8312508506873554,0.8624184067222042,0.8354430379746836
0.7021276595744681,0.6932400932400933,0.7286226318484382,0.7021276595744681
0.9090909090909091,0.9125541125541126,0.9318181818181818,0.9090909090909091
0.8571428571428571,0.8571428571428571,0.8571428571428571,0.8571428571428571
0.7142857142857143,0.7047619047619047,0.7792207792207793,0.7142857142857143
0.8,0.8,0.8666666666666666,0.8
1.0,1.0,1.0,1.0
0.9090909090909091,0.9075369075369075,0.922077922077922,0.9090909090909091
0.8181818181818182,0.8084415584415584,0.8636363636363636,0.8181818181818182
0.7741935483870968,0.7715194211300996,0.8236294295248688,0.7741935483870968
0.7738095238095238,0.7705990783410138,0.7952152014652014,0.7738095238095238
0.7878787878787878,0.7898338220918866,0.8282828282828284,0.7878787878787878
0.8148148148148148,0.8100048100048101,0.8271604938271605,0.8148148148148148
0.8269230769230769,0.8189349112426036,0.8690228690228691,0.8269230769230769
0.7352941176470589,0.7362132352941176,0.7422145328719723,0.7352941176470589
0.8214285714285714,0.8200460829493087,0.8272633163937512,0.8214285714285714
0.7346938775510204,0.7324690882642366,0.7459535538353271,0.7346938775510204
0.7222222222222222,0.6989966555183946,0.8214285714285715,0.7222222222222222
0.7205882352941176,0.7190693629049792,0.7254641909814323,0.7205882352941176
0.775,0.769140625,0.7895003494060098,0.775
0.7083333333333334,0.6995884773662551,0.7793552203490092,0.7083333333333334
0.8,0.79375,0.8273504273504274,0.8
0.7536231884057971,0.7380811386421485,0.7684110433471046,0.7536231884057971
0.8210526315789474,0.814444562109499,0.842715723477974,0.8210526315789474
0.7843137254901961,0.7843137254901961,0.7849170437405733,0.7843137254901961
0.7777777777777778,0.7777777777777778,0.7777777777777778,0.7777777777777778
0.7674418604651163,0.768448605657908,0.8240826873385012,0.7674418604651163
0.7916666666666666,0.7664835164835164,0.84375,0.7916666666666666
0.7540983606557377,0.7528972128923194,0.7553954242478833,0.7540983606557377
0.8089887640449438,0.8033715513878584,0.8160934663052917,0.8089887640449438
0.7692307692307693,0.7664335664335665,0.7730769230769231,0.7692307692307693
0.765625,0.7570903361344539,0.7992187500000001,0.765625
0.7560975609756098,0.7468413014300921,0.7737612323491656,0.7560975609756098
0.8888888888888888,0.8888888888888888,0.911111111111111,0.8888888888888888
0.7142857142857143,0.7571428571428572,0.9047619047619048,0.7142857142857143
1.0,1.0,1.0,1.0
0.7454545454545455,0.7415977961432506,0.745974025974026,0.7454545454545455
0.8061224489795918,0.8031839762932201,0.8215890698326295,0.8061224489795918
0.7777777777777778,0.7653256704980843,0.8114478114478114,0.7777777777777778
0.8285714285714286,0.8224489795918367,0.8714285714285714,0.8285714285714286
0.6987951807228916,0.6943848905257965,0.7002600974618075,0.6987951807228916
0.8235294117647058,0.8235294117647058,0.8466460268317855,0.8235294117647058
0.7183098591549296,0.7047804065773954,0.8000828500414251,0.7183098591549296
0.6666666666666666,0.6461538461538462,0.6428571428571428,0.6666666666666666
1.0,1.0,1.0,1.0
0.7708333333333334,0.7643387314439947,0.7936197916666666,0.7708333333333334
0.9333333333333333,0.934609250398724,0.9444444444444445,0.9333333333333333
0.7142857142857143,0.7186322804984063,0.7755102040816327,0.7142857142857143
0.7625,0.7455387056956445,0.7950172562553925,0.7625
0.7888888888888889,0.7878712973262473,0.8207830471981417,0.7888888888888889
0.7441860465116279,0.7441860465116279,0.8292845080910022,0.7441860465116279
0.8636363636363636,0.8658307210031349,0.8717532467532468,0.8636363636363636
0.6805555555555556,0.6870875256951207,0.7534722222222222,0.6805555555555556
0.6947368421052632,0.6841541074718955,0.7352496626180837,0.6947368421052632
0.7105263157894737,0.7127329758908707,0.8432017543859649,0.7105263157894737
0.8051948051948052,0.8042723385189138,0.8169027941755214,0.8051948051948052
0.5,0.6666666666666666,1.0,0.5
0.6708860759493671,0.6666503755111349,0.7210301178524662,0.6708860759493671
0.7473684210526316,0.7373961218836566,0.7880547764395314,0.7473684210526316
0.8,0.7965114962056858,0.8157142857142856,0.8
0.8048780487804879,0.7905803195962993,0.8206300813008129,0.8048780487804879
0.8095238095238095,0.806878306878307,0.8195970695970696,0.8095238095238095
0.84,0.8394871794871795,0.8498701298701299,0.84
0.7037037037037037,0.7012617012617012,0.7729847494553378,0.7037037037037037
0.8333333333333334,0.8323013415892672,0.8523809523809525,0.8333333333333334
1.0,1.0,1.0,1.0
0.75,0.744122965641953,0.78125,0.75
0.7692307692307693,0.7631975867269986,0.767094017094017,0.7692307692307693
0.7428571428571429,0.7327422577422578,0.7564625850340135,0.7428571428571429
0.7058823529411765,0.6930380031077937,0.7063243330118932,0.7058823529411765
0.8,0.8054298642533937,0.875,0.8
0.7424242424242424,0.7368261067807281,0.7489658976008824,0.7424242424242424
0.7258064516129032,0.7190168970814131,0.7319695777602936,0.7258064516129032
0.7323943661971831,0.7189721400503334,0.7816901408450704,0.7323943661971831
0.7628865979381443,0.7570515352646308,0.8152872149328334,0.7628865979381443
1.0,1.0,1.0,1.0
0.746268656716418,0.7454766302267924,0.761248205433811,0.746268656716418
0.7631578947368421,0.761842105263158,0.777811004784689,0.7631578947368421
0.8947368421052632,0.8941520467836256,0.9138755980861244,0.8947368421052632
0.6885245901639344,0.6825032483554494,0.6954793840039741,0.6885245901639344
0.8571428571428571,0.8507936507936508,0.8857142857142858,0.8571428571428571
0.7349397590361446,0.7365578593443542,0.7807969466518556,0.7349397590361446
0.625,0.6071428571428571,0.8125,0.625
0.8,0.7916666666666667,0.8571428571428571,0.8
0.7272727272727273,0.7247591118558862,0.756993006993007,0.7272727272727273
0.875,0.8715970961887477,0.8984375,0.875
0.6956521739130435,0.6861598440545807,0.7225806451612904,0.6956521739130435
0.7894736842105263,0.7868616951808801,0.8168147641831852,0.7894736842105263
0.7142857142857143,0.7023809523809523,0.8285714285714285,0.7142857142857143
0.7428571428571429,0.7375,0.7644444444444444,0.7428571428571429
0.8055555555555556,0.8018518518518518,0.8193050910442214,0.8055555555555556
0.8148148148148148,0.8059036480089111,0.8391263057929725,0.8148148148148148
0.7575757575757576,0.7530189109136477,0.7720057720057719,0.7575757575757576
0.7540983606557377,0.7540983606557377,0.787659881102504,0.7540983606557377
0.7802197802197802,0.7772570566688214,0.7939560439560439,0.7802197802197802
0.7840909090909091,0.7746450691391772,0.8327458831491089,0.7840909090909091
0.7058823529411765,0.6929541047188107,0.7294117647058824,0.7058823529411765
0.7777777777777778,0.7592592592592593,0.8412698412698413,0.7777777777777778
0.8315789473684211,0.8281177197736891,0.8634827183677612,0.8315789473684211
0.6813186813186813,0.6778400495804983,0.7131083202511773,0.6813186813186813
0.8,0.8,0.8,0.8
0.8636363636363636,0.8613053613053613,0.8741883116883117,0.8636363636363636
0.7916666666666666,0.7976190476190476,0.8472222222222223,0.7916666666666666
0.7254901960784313,0.719607843137255,0.7349970291146761,0.7254901960784313
0.6949152542372882,0.6738403211418377,0.6992198009147161,0.6949152542372882
0.5714285714285714,0.5142857142857143,0.7857142857142857,0.5714285714285714
0.8285714285714286,0.8242857142857143,0.8732919254658386,0.8285714285714286
0.75,0.7478260869565218,0.8148148148148148,0.75
0.7676767676767676,0.7639518558831415,0.7801246994795381,0.7676767676767676
0.7608695652173914,0.7601911810052421,0.7859847289707831,0.7608695652173914
0.5,0.5,0.8333333333333334,0.5
0.7,0.6901098901098901,0.6952380952380952,0.7
0.7,0.6924242424242424,0.7826210826210827,0.7
0.7625,0.7574260167748061,0.8104052197802198,0.7625
0.75,0.746031746031746,0.7666666666666666,0.75
0.7605633802816901,0.7543365455893254,0.7744980521426431,0.7605633802816901
0.7291666666666666,0.7348484848484849,0.8345238095238096,0.7291666666666666
0.8157894736842105,0.8104500381388253,0.8362229102167182,0.8157894736842105
0.8105263157894737,0.8094736842105263,0.8267942583732057,0.8105263157894737
0.6666666666666666,0.6602870813397128,0.6599999999999999,0.6666666666666666
0.8571428571428571,0.8571428571428571,0.8928571428571429,0.8571428571428571
0.8070175438596491,0.8058299595141701,0.8051708217913204,0.8070175438596491
0.6956521739130435,0.6292490118577075,0.7971014492753623,0.6956521739130435
0.75,0.7446581196581196,0.759903791737408,0.75
0.7454545454545455,0.7444417651314204,0.7514173998044966,0.7454545454545455
0.8163265306122449,0.8159438775510205,0.8328083876256633,0.8163265306122449
0.782608695652174,0.7766084099242822,0.7996219281663516,0.782608695652174
0.75,0.7666666666666667,0.875,0.75
0.819672131147541,0.8186987013561646,0.8289497387858044,0.819672131147541
0.7741935483870968,0.7681519041967849,0.7778801843317972,0.7741935483870968
0.7931034482758621,0.7901193633952255,0.8188784395680947,0.7931034482758621
0.8,0.7857397504456328,0.8526315789473685,0.8
0.8035714285714286,0.7975468245943473,0.8192878028404343,0.8035714285714286
0.7142857142857143,0.7057142857142858,0.7020757020757021,0.7142857142857143
0.7692307692307693,0.7636363636363637,0.7973856209150327,0.7692307692307693
0.7142857142857143,0.7023809523809523,0.8285714285714285,0.7142857142857143
0.7205882352941176,0.7148808344886776,0.7252673796791445,0.7205882352941176
0.8163265306122449,0.814170196380439,0.8469029717150017,0.8163265306122449
0.7121212121212122,0.7036979085171857,0.7124579124579125,0.7121212121212122
0.6470588235294118,0.6470588235294118,0.6470588235294118,0.6470588235294118
0.7628865979381443,0.7576657523881586,0.8030600556373751,0.7628865979381443
0.8260869565217391,0.8275558166862516,0.8512662860488948,0.8260869565217391
0.7884615384615384,0.7803537925489145,0.8257211538461539,0.7884615384615384
0.7391304347826086,0.7329297999557098,0.8147448015122873,0.7391304347826086
0.7590361445783133,0.7525100401606425,0.7930996714129245,0.7590361445783133
0.8061224489795918,0.8054140541277581,0.8130387884540708,0.8061224489795918
0.6521739130434783,0.634920634920635,0.6876456876456877,0.6521739130434783
0.7543859649122807,0.7521117608836907,0.798587377534746,0.7543859649122807
0.8153846153846154,0.8138082031820171,0.8707692307692306,0.8153846153846154
0.8333333333333334,0.851851851851852,0.9166666666666666,0.8333333333333334
0.723404255319149,0.7188219052001842,0.7389830508474576,0.723404255319149
0.75,0.7309354739117012,0.8004658385093167,0.75
0.7301587301587301,0.7240778001341381,0.7659698025551684,0.7301587301587301
0.8148148148148148,0.8070987654320988,0.8227920227920228,0.8148148148148148
0.7605633802816901,0.7562020575181508,0.7776814734561215,0.7605633802816901
0.7846153846153846,0.7797692307692308,0.7892990730200034,0.7846153846153846
0.7142857142857143,0.6714285714285715,0.8095238095238094,0.7142857142857143
0.75,0.7424089068825911,0.7749169435215947,0.75
0.7142857142857143,0.7128851540616247,0.7551020408163266,0.7142857142857143
0.7692307692307693,0.7765034965034966,0.845132097504014,0.7692307692307693
0.73,0.7229565217391305,0.7616666666666666,0.73
0.6428571428571429,0.6446886446886447,0.6530612244897959,0.6428571428571429
0.0,0.0,0.0,0.0
0.717391304347826,0.7087776866283839,0.7607293127629733,0.717391304347826
0.6704545454545454,0.6509487397337864,0.740909090909091,0.6704545454545454
0.7971014492753623,0.7893884006118588,0.8195307108350587,0.7971014492753623
0.6792452830188679,0.6767295597484275,0.7361635220125786,0.6792452830188679
0.6666666666666666,0.6493506493506493,0.7076923076923077,0.6666666666666666
0.8333333333333334,0.8333333333333334,0.8333333333333334,0.8333333333333334
0.7384615384615385,0.7319246482909064,0.7900471621401854,0.7384615384615385
0.6551724137931034,0.6368861024033438,0.6822660098522167,0.6551724137931034
0.7142857142857143,0.717948717948718,0.767741935483871,0.7142857142857143
0.8,0.7973063973063973,0.8244418331374852,0.8
0.7628865979381443,0.760002683734042,0.8194374025876476,0.7628865979381443
0.6666666666666666,0.6666666666666666,0.8333333333333334,0.6666666666666666
0.7142857142857143,0.7040816326530612,0.707936507936508,0.7142857142857143
0.7142857142857143,0.7097090552468127,0.7471524215285628,0.7142857142857143
0.6666666666666666,0.7083333333333334,0.8888888888888888,0.6666666666666666
0.7272727272727273,0.717948717948718,0.761904761904762,0.7272727272727273
0.8536585365853658,0.8523456646049714,0.8773398494652849,0.8536585365853658
0.75,0.7379454926624738,0.7619047619047619,0.75
0.625,0.5636363636363637,0.7857142857142857,0.625
0.6122448979591837,0.5900874635568513,0.6130298273155417,0.6122448979591837
0.7317073170731707,0.7252618472130667,0.8158002792149133,0.7317073170731707
0.782051282051282,0.7806521050965495,0.8244900832409411,0.782051282051282
1.0,1.0,1.0,1.0
0.8333333333333334,0.8295238095238096,0.8577533577533577,0.8333333333333334
0.7125,0.7025500910746812,0.722,0.7125
0.7619047619047619,0.7440476190476191,0.7647907647907647,0.7619047619047619
0.8235294117647058,0.8168449197860963,0.8362745098039215,0.8235294117647058
0.8484848484848485,0.8482055578829772,0.8494949494949495,0.8484848484848485
0.7272727272727273,0.7584415584415585,0.890909090909091,0.7272727272727273
0.788235294117647,0.7870027390113474,0.8302191464821222,0.788235294117647
0.6829268292682927,0.6688085433730033,0.7296047098402019,0.6829268292682927
0.7096774193548387,0.7116951831494304,0.7512104339405676,0.7096774193548387
0.6666666666666666,0.6622720281256866,0.7538126361655774,0.6666666666666666
0.7636363636363637,0.7603150947413243,0.7828877005347594,0.7636363636363637
0.7380952380952381,0.7416420595322948,0.746031746031746,0.7380952380952381
0.6,0.6,0.6,0.6
0.9,0.9,0.9,0.9
0.8024691358024691,0.8012602565846141,0.8160663792703843,0.8024691358024691
0.75,0.7486164325244784,0.7844117647058824,0.75
0.7848101265822784,0.7815370002331835,0.784898769634436,0.7848101265822784
0.7678571428571429,0.7619284529732291,0.7819040845356634,0.7678571428571429
0.8148148148148148,0.8173690932311622,0.8765432098765431,0.8148148148148148
0.8048780487804879,0.7905803195962993,0.8206300813008129,0.8048780487804879
0.6923076923076923,0.6923076923076923,0.6923076923076923,0.6923076923076923
0.7692307692307693,0.7621410847217298,0.7950872656755009,0.7692307692307693
0.7377049180327869,0.735784965293162,0.7354916157106952,0.7377049180327869
0.7647058823529411,0.7679738562091503,0.8588235294117647,0.7647058823529411
0.782608695652174,0.7812284334023465,0.7882308845577212,0.782608695652174
0.8172043010752689,0.8127715333609887,0.8250086715227193,0.8172043010752689
0.7115384615384616,0.7046936114732726,0.7437782805429863,0.7115384615384616
0.7741935483870968,0.7642436925020729,0.7710378681626928,0.7741935483870968
0.8333333333333334,0.832034632034632,0.8342948717948718,0.8333333333333334
0.7446808510638298,0.7449121184088806,0.7478415047795252,0.7446808510638298
0.6764705882352942,0.6778711484593838,0.7089783281733746,0.6764705882352942
0.3333333333333333,0.3333333333333333,0.4166666666666667,0.3333333333333333
0.7777777777777778,0.7777777777777778,0.7777777777777778,0.7777777777777778
0.76,0.7623376623376623,0.7743589743589743,0.76
0.8023255813953488,0.8010072138287736,0.8105555555555556,0.8023255813953488
0.75,0.7416534181240063,0.8035714285714287,0.75
0.6666666666666666,0.6643499749025059,0.6980373230373231,0.6666666666666666
0.717391304347826,0.7047748447204968,0.7546265328874024,0.717391304347826
0.6666666666666666,0.6753246753246753,0.7000000000000001,0.6666666666666666
0.6989247311827957,0.693864642631246,0.7327158310016187,0.6989247311827957
0.7272727272727273,0.7227482195224132,0.8388429752066117,0.7272727272727273
0.7272727272727273,0.7227272727272727,0.7694805194805195,0.7272727272727273
0.6881720430107527,0.6833323851244999,0.6985433550505853,0.6881720430107527
0.7391304347826086,0.7323715415019763,0.7376166848877302,0.7391304347826086
0.7647058823529411,0.7578431372549019,0.7568627450980392,0.7647058823529411
0.7647058823529411,0.7468805704099822,0.83710407239819,0.7647058823529411
0.8235294117647058,0.8223062810029672,0.874762808349146,0.8235294117647058
0.725,0.7194444444444444,0.7766483516483517,0.725
0.6923076923076923,0.6692307692307692,0.8153846153846154,0.6923076923076923
0.5,0.3333333333333333,0.25,0.5
0.7021276595744681,0.6980657640232107,0.7622027534418023,0.7021276595744681
0.7313432835820896,0.7226439232409382,0.7366583232903804,0.7313432835820896
0.75,0.7470862470862472,0.7743506493506493,0.75
0.7361111111111112,0.7241970264442175,0.7669623404917522,0.7361111111111112
0.726027397260274,0.7231216272312163,0.7382230428994717,0.726027397260274
0.8181818181818182,0.8181818181818182,0.8181818181818182,0.8181818181818182
0.8333333333333334,0.851851851851852,0.9166666666666666,0.8333333333333334
0.8181818181818182,0.8185160427807485,0.8248663101604278,0.8181818181818182
0.8,0.7885167464114832,0.8545454545454546,0.8
0.7272727272727273,0.7272727272727273,0.7393939393939394,0.7272727272727273
0.7959183673469388,0.7950680272108842,0.8639455782312924,0.7959183673469388
0.6842105263157895,0.6417004048582996,0.8026315789473685,0.6842105263157895
0.7333333333333333,0.7333333333333333,0.7333333333333333,0.7333333333333333
0.7294117647058823,0.7274599561006259,0.7608996539792388,0.7294117647058823
0.8426966292134831,0.8362534120484988,0.8547752808988764,0.8426966292134831
0.6071428571428571,0.5934562211981567,0.7276785714285714,0.6071428571428571
0.7625,0.7620917330832944,0.7911604859335037,0.7625
0.7352941176470589,0.7318324016616238,0.7616892911010558,0.7352941176470589
0.7727272727272727,0.760551948051948,0.8087121212121211,0.7727272727272727
0.7777777777777778,0.7720057720057719,0.7870370370370371,0.7777777777777778
0.8285714285714286,0.824,0.8329545454545455,0.8285714285714286
0.75,0.75,0.75,0.75
0.7241379310344828,0.7106152805949967,0.8292282430213465,0.7241379310344828
0.77,0.761621792841305,0.7919495091164095,0.77
0.6818181818181818,0.6644880174291938,0.7291666666666667,0.6818181818181818
0.8311688311688312,0.8291074005359719,0.8343875951634572,0.8311688311688312
0.8484848484848485,0.8458948458948459,0.8582251082251081,0.8484848484848485
0.75,0.7422018348623854,0.7782258064516129,0.75
0.7407407407407407,0.7428005545652604,0.7835390946502057,0.7407407407407407
0.7777777777777778,0.738095238095238,0.8333333333333334,0.7777777777777778
0.7532467532467533,0.7499807167209169,0.7920585161964473,0.7532467532467533
0.717948717948718,0.7142005281540166,0.735042735042735,0.717948717948718
0.7888888888888889,0.7825343738387217,0.7936123911930363,0.7888888888888889
0.7647058823529411,0.7630252100840337,0.7637571157495257,0.7647058823529411
0.8823529411764706,0.8823529411764706,0.8823529411764706,0.8823529411764706
0.7362637362637363,0.7236097236097235,0.79374471682164,0.7362637362637363
0.8375,0.8349541066624464,0.8659166666666668,0.8375
0.7692307692307693,0.7627348021436692,0.7738751814223513,0.7692307692307693
0.7469879518072289,0.7411362276385006,0.7746926402929727,0.7469879518072289
0.75,0.7439343038447183,0.8428571428571429,0.75
0.868421052631579,0.8643962848297214,0.8729399255715045,0.868421052631579
0.68,0.6893506493506493,0.7781818181818181,0.68
0.8089887640449438,0.8039033499372256,0.8169507942657883,0.8089887640449438
0.7373737373737373,0.718080996532489,0.758384762961422,0.7373737373737373
0.7843137254901961,0.7769555583427401,0.7864923747276689,0.7843137254901961
0.6785714285714286,0.6791637136782424,0.7129629629629629,0.6785714285714286
0.6,0.5666666666666667,0.8,0.6
0.77,0.765012968150223,0.7799120879120879,0.77
0.7564102564102564,0.7485498108448928,0.7737590711175617,0.7564102564102564
0.8255813953488372,0.8203996628154907,0.8451139878565701,0.8255813953488372
0.7368421052631579,0.7442134748636297,0.8564593301435407,0.7368421052631579
0.7222222222222222,0.709526451300872,0.788127670940171,0.7222222222222222
0.8095238095238095,0.8077310924369747,0.8097527472527473,0.8095238095238095
1.0,1.0,1.0,1.0
0.75,0.7488372093023256,0.8137254901960784,0.75
0.5,0.3333333333333333,0.25,0.5
0.7464788732394366,0.7382448537378116,0.7507643262170425,0.7464788732394366
0.6551724137931034,0.6535303776683087,0.6774847870182557,0.6551724137931034
0.9,0.9,0.9,0.9
0.8431372549019608,0.844964072585556,0.8701055806938159,0.8431372549019608
0.8387096774193549,0.8366615463389657,0.851018675721562,0.8387096774193549
0.8571428571428571,0.8398268398268397,0.880952380952381,0.8571428571428571
1.0,1.0,1.0,1.0
0.7204301075268817,0.7064934229569356,0.7412688418947446,0.7204301075268817
0.7738095238095238,0.7641372518530037,0.7847222222222223,0.7738095238095238
0.8648648648648649,0.8648648648648649,0.8763116057233704,0.8648648648648649
0.75,0.7350877192982456,0.8107142857142857,0.75
0.8695652173913043,0.8665141113653698,0.8956521739130435,0.8695652173913043
0.759493670886076,0.759493670886076,0.8017711512483114,0.759493670886076
1.0,1.0,1.0,1.0
0.8285714285714286,0.8265306122448979,0.83016983016983,0.8285714285714286
0.84375,0.8380398671096345,0.8496376811594202,0.84375
0.73,0.722787456445993,0.7345273631840796,0.73
0.7073170731707317,0.704166180417785,0.7325609756097561,0.7073170731707317
0.7313432835820896,0.727732306210881,0.773816631130064,0.7313432835820896
0.8,0.7875555555555556,0.8538461538461538,0.8
0.7096774193548387,0.7096774193548387,0.7230956898888588,0.7096774193548387
0.75,0.7333333333333334,0.8333333333333333,0.75
0.7333333333333333,0.7300696923338433,0.7335434173669467,0.7333333333333333
0.625,0.6045454545454546,0.6041666666666666,0.625
0.7340425531914894,0.7310351531647569,0.7488574801004813,0.7340425531914894
0.6909090909090909,0.6555844155844156,0.7606060606060606,0.6909090909090909
0.7684210526315789,0.7601503759398497,0.7791783534070286,0.7684210526315789
0.7241379310344828,0.722824302134647,0.7498309668695065,0.7241379310344828
0.7241379310344828,0.7045372050816697,0.7604120017913122,0.7241379310344828
0.6964285714285714,0.6953210139777305,0.6946619556913676,0.6964285714285714
0.8157894736842105,0.8151511835722363,0.8434509569377989,0.8157894736842105
0.7142857142857143,0.7122586872586872,0.7596757852077001,0.7142857142857143
0.717948717948718,0.7153457397359836,0.7613247863247863,0.717948717948718
0.7894736842105263,0.7894736842105263,0.793859649122807,0.7894736842105263
0.84,0.8389743589743591,0.8826666666666667,0.84
0.7692307692307693,0.7692307692307693,0.820443143812709,0.7692307692307693
0.78,0.7642933462846042,0.7868531468531469,0.78
0.75,0.7379679144385027,0.8062500000000001,0.75
0.6956521739130435,0.688695652173913,0.7876577840112202,0.6956521739130435
0.7446808510638298,0.7411992263056093,0.8101793909052983,0.7446808510638298
0.59375,0.5740131578947368,0.6384359903381642,0.59375
0.6,0.5928571428571429,0.6799999999999999,0.6
0.76,0.7560591133004926,0.7680652080652081,0.76
0.6,0.5666666666666667,0.8,0.6
0.5652173913043478,0.5569828722002635,0.8209718670076727,0.5652173913043478
0.6790123456790124,0.6652409398645959,0.6964479098982023,0.6790123456790124
0.717391304347826,0.7004086554565553,0.7480818414322251,0.717391304347826
0.7450980392156863,0.7410790883164461,0.75203173374613,0.7450980392156863
0.7582417582417582,0.7573649754500819,0.7751479289940828,0.7582417582417582
0.696969696969697,0.7003367003367004,0.7241532976827095,0.696969696969697
0.7619047619047619,0.7654320987654321,0.7724358974358975,0.7619047619047619
0.7291666666666666,0.7226305397103993,0.80078125,0.7291666666666666
0.7777777777777778,0.7777777777777778,0.7777777777777778,0.7777777777777778
0.7872340425531915,0.7741088698535508,0.7923920051579626,0.7872340425531915
0.8571428571428571,0.8571428571428571,0.8928571428571429,0.8571428571428571
0.8529411764705882,0.8525565413610954,0.8536635706914344,0.8529411764705882
0.7272727272727273,0.7272727272727273,0.8064963359081005,0.7272727272727273
0.6962025316455697,0.6952288218111002,0.79013531209079,0.6962025316455697
0.6744186046511628,0.6460345855694694,0.6725946192430461,0.6744186046511628
0.75,0.736,0.8006088280060882,0.75
0.7384615384615385,0.7276004180387672,0.748442175673297,0.7384615384615385
0.7777777777777778,0.7833333333333334,0.8666666666666667,0.7777777777777778
0.78,0.7776154154957848,0.8285908319185059,0.78
0.8225806451612904,0.8189112145078978,0.8377199413489735,0.8225806451612904
0.7216494845360825,0.7161507551521213,0.738077818423678,0.7216494845360825
0.7627118644067796,0.7599654739485248,0.7864570539588963,0.7627118644067796
0.7142857142857143,0.7108843537414966,0.742857142857143,0.7142857142857143
0.8142857142857143,0.811873840445269,0.8376522702104097,0.8142857142857143
0.75,0.7394957983193278,0.7407407407407408,0.75
0.8148148148148148,0.8059824530412767,0.8211640211640211,0.8148148148148148
0.875,0.8738656987295826,0.8759259259259259,0.875
0.7647058823529411,0.7571428571428571,0.8023715415019762,0.7647058823529411
0.7692307692307693,0.7660100647016536,0.7722870524728109,0.7692307692307693
0.7708333333333334,0.762750038173767,0.7911616161616162,0.7708333333333334
0.7887323943661971,0.784029007072184,0.8201224739742804,0.7887323943661971
0.6716417910447762,0.672519754170325,0.7177300311628669,0.6716417910447762
0.9,0.898989898989899,0.9166666666666667,0.9
0.7857142857142857,0.7786561264822135,0.8274853801169589,0.7857142857142857
0.8,0.7898132427843803,0.8555555555555556,0.8
0.7424242424242424,0.7403427020143715,0.7554174220840887,0.7424242424242424
0.6,0.6166666666666666,0.68,0.6
0.7340425531914894,0.7296785927906154,0.7548709494616455,0.7340425531914894
0.7666666666666667,0.7634992458521869,0.7763023893458675,0.7666666666666667
0.8144329896907216,0.8114021696181616,0.8266388748051753,0.8144329896907216
0.5,0.5,0.8333333333333334,0.5
0.6777777777777778,0.6553520553520553,0.7043077837195485,0.6777777777777778
0.6666666666666666,0.6666666666666666,0.6666666666666666,0.6666666666666666
0.7894736842105263,0.7837320574162681,0.8270676691729323,0.7894736842105263
0.6885245901639344,0.677030389968698,0.7149636386047086,0.6885245901639344
0.7792207792207793,0.7672004371033496,0.7928799270904534,0.7792207792207793
0.6,0.45,0.36,0.6
1.0,1.0,1.0,1.0
0.75,0.7505315379163714,0.8002915451895044,0.75
0.8148148148148148,0.8137759077450524,0.8150252525252526,0.8148148148148148
0.78,0.7818546768366119,0.8144927536231884,0.78
0.7027027027027027,0.6823166023166023,0.7214714714714714,0.7027027027027027
0.7272727272727273,0.7272727272727273,0.7614490772385508,0.7272727272727273
0.8762886597938144,0.8720635457157343,0.8984459147561165,0.8762886597938144
0.6666666666666666,0.6604747162022704,0.8266666666666667,0.6666666666666666
0.7297297297297297,0.7277187902187902,0.7300573300573301,0.7297297297297297
0.7777777777777778,0.7777777777777778,0.7777777777777778,0.7777777777777778
0.7777777777777778,0.775925925925926,0.7828282828282829,0.7777777777777778
0.8181818181818182,0.8172579453067258,0.8264462809917356,0.8181818181818182
0.7966101694915254,0.8032687651331719,0.8552503409312293,0.7966101694915254
0.7631578947368421,0.755647045732725,0.8451417004048583,0.7631578947368421
0.735632183908046,0.7281129023892265,0.756242568370987,0.735632183908046
0.7528089887640449,0.7482687457005274,0.795880149812734,0.7528089887640449
0.782608695652174,0.7639083683964469,0.8429951690821256,0.782608695652174
0.6875,0.6787694013303769,0.72265625,0.6875
0.6666666666666666,0.8000000000000002,1.0,0.6666666666666666
0.7676767676767676,0.7619403915700212,0.7847296494355318,0.7676767676767676
0.6666666666666666,0.661455938697318,0.7192749778956676,0.6666666666666666
0.8292682926829268,0.8304987914744012,0.8405923344947736,0.8292682926829268
0.7457627118644068,0.7435487441883349,0.752320419693301,0.7457627118644068
0.6914893617021277,0.685966707243303,0.693648310387985,0.6914893617021277
0.7701149425287356,0.7690202517788723,0.798061753437007,0.7701149425287356
0.7115384615384616,0.6764503102531272,0.8121645796064402,0.7115384615384616
0.8904109589041096,0.8878344140507579,0.9086757990867581,0.8904109589041096
0.8064516129032258,0.8033498759305211,0.8161613982090841,0.8064516129032258
0.7777777777777778,0.7749605589362181,0.8133903133903133,0.7777777777777778
0.8333333333333334,0.8285714285714286,0.875,0.8333333333333334
0.7407407407407407,0.7334683912524024,0.7818930041152262,0.7407407407407407
0.7058823529411765,0.7083739156039773,0.7788048552754434,0.7058823529411765
0.6857142857142857,0.6714405863270455,0.7628571428571429,0.6857142857142857
0.6538461538461539,0.6311298076923078,0.722879684418146,0.6538461538461539
0.8055555555555556,0.7979149959903769,0.86,0.8055555555555556
1.0,1.0,1.0,1.0
1.0,1.0,1.0,1.0
0.85,0.8464285714285715,0.8478056426332288,0.85
0.7692307692307693,0.7692307692307693,0.8065268065268065,0.7692307692307693
0.8105263157894737,0.809763675736748,0.8119146103741738,0.8105263157894737
0.8,0.7916666666666667,0.8571428571428571,0.8
0.7901234567901234,0.7842648887322426,0.8102423411065387,0.7901234567901234
1.0,1.0,1.0,1.0
0.7368421052631579,0.7368421052631579,0.7745215311004784,0.7368421052631579
0.85,0.848907190370605,0.8494208494208493,0.85
0.7682926829268293,0.7661057824061387,0.7830218561925879,0.7682926829268293
0.7241379310344828,0.720159151193634,0.7450365726227794,0.7241379310344828
0.7391304347826086,0.7351170568561872,0.7518861320681341,0.7391304347826086
0.8809523809523809,0.880466472303207,0.8810084033613444,0.8809523809523809
0.7529411764705882,0.7449861684541067,0.8217414168732626,0.7529411764705882
0.7285714285714285,0.7195650153359978,0.7368506493506494,0.7285714285714285
0.7272727272727273,0.7232846913804043,0.7815584415584416,0.7272727272727273
0.7604166666666666,0.7554906542056073,0.8019153225806451,0.7604166666666666
0.8533333333333334,0.8499293915392645,0.8732077446363161,0.8533333333333334
0.5625,0.5573529411764706,0.59375,0.5625
0.7291666666666666,0.7232815964523281,0.7504743833017078,0.7291666666666666
0.7142857142857143,0.711670480549199,0.7223529411764706,0.7142857142857143
0.7678571428571429,0.7652251376741174,0.7752578304048894,0.7678571428571429
0.7272727272727273,0.7217657342657343,0.7289272911113154,0.7272727272727273
0.6,0.6333333333333333,0.8666666666666666,0.6
1.0,1.0,1.0,1.0
0.7755102040816326,0.7663576183161436,0.7930728513294373,0.7755102040816326
0.9166666666666666,0.9160839160839161,0.9285714285714285,0.9166666666666666
0.7543859649122807,0.7552956465237167,0.7636332209834933,0.7543859649122807
0.6842105263157895,0.7003588516746412,0.8564593301435407,0.6842105263157895
0.7777777777777778,0.7714285714285715,0.8125,0.7777777777777778
0.8947368421052632,0.8941520467836256,0.9138755980861244,0.8947368421052632
0.75,0.7605042016806722,0.78125,0.75
0.7613636363636364,0.758280640148055,0.7800183204594969,0.7613636363636364
0.6666666666666666,0.6666666666666666,0.8333333333333334,0.6666666666666666
1.0,1.0,1.0,1.0
0.6851851851851852,0.6813419628208607,0.689594356261023,0.6851851851851852
0.7349397590361446,0.7330089589125733,0.753019280001157,0.7349397590361446
0.8,0.7809523809523808,0.85,0.8
0.7349397590361446,0.7300341200288818,0.7697355459574144,0.7349397590361446
0.9047619047619048,0.8956582633053222,0.9153439153439153,0.9047619047619048
0.725,0.7171428571428571,0.7910256410256411,0.725
0.8095238095238095,0.8086580086580087,0.8227513227513228,0.8095238095238095
0.8571428571428571,0.8507936507936508,0.8857142857142858,0.8571428571428571
0.7142857142857143,0.7142857142857143,0.7142857142857143,0.7142857142857143
0.8,0.7987163487252629,0.8211143695014662,0.8
0.696969696969697,0.6893939393939394,0.799134199134199,0.696969696969697
0.6989247311827957,0.6801638096463298,0.7378837462988936,0.6989247311827957
0.75,0.7420634920634921,0.8409090909090908,0.75
0.7727272727272727,0.754440961337513,0.8395721925133689,0.7727272727272727
0.7894736842105263,0.7835509489837125,0.8116343490304709,0.7894736842105263
0.5454545454545454,0.5765345765345766,0.7567987567987569,0.5454545454545454
0.84375,0.8419027093596059,0.8675961538461539,0.84375
0.75,0.7444444444444445,0.75,0.75
0.6829268292682927,0.6760711931443639,0.7409988385598142,0.6829268292682927
0.8444444444444444,0.8417483660130718,0.8471417289350587,0.8444444444444444
0.7575757575757576,0.7562388591800355,0.8072261072261073,0.7575757575757576
0.8108108108108109,0.8008056133056133,0.8417417417417418,0.8108108108108109
0.75,0.75,0.85,0.75
0.810126582278481,0.7976859377199832,0.8120721543006749,0.810126582278481
0.7297297297297297,0.7127127127127127,0.7152842497670083,0.7297297297297297
0.75,0.7363856393707139,0.775375939849624,0.75
1.0,1.0,1.0,1.0
0.8088235294117647,0.8029565542970997,0.8284410602185538,0.8088235294117647
0.8297872340425532,0.82620037498981,0.835621139327385,0.8297872340425532
0.8026315789473685,0.8000576558767811,0.8643092105263158,0.8026315789473685
0.8461538461538461,0.8432274247491639,0.8593406593406595,0.8461538461538461
0.6595744680851063,0.651780843270205,0.7089052848318463,0.6595744680851063
0.75,0.7517482517482518,0.763888888888889,0.75
0.7093023255813954,0.6993670376913449,0.7671352866465203,0.7093023255813954
0.782051282051282,0.7747515642252484,0.7905982905982907,0.782051282051282
0.8,0.7809523809523808,0.85,0.8
0.7441860465116279,0.7413948413453609,0.7594443859833737,0.7441860465116279
0.625,0.6101190476190476,0.7397342995169083,0.625
0.7857142857142857,0.7868131868131868,0.7959183673469388,0.7857142857142857
1.0,1.0,1.0,1.0
0.7792207792207793,0.7777150385846038,0.7829184704184704,0.7792207792207793
0.8918918918918919,0.8918918918918919,0.8918918918918919,0.8918918918918919
0.7910447761194029,0.7868350554917719,0.8066643526553281,0.7910447761194029
0.7692307692307693,0.7552682611506142,0.7850098619329388,0.7692307692307693
0.7608695652173914,0.7578052454551082,0.8168268806773082,0.7608695652173914
0.7733333333333333,0.7688205128205129,0.7998148148148149,0.7733333333333333
0.75,0.7511375947995667,0.7682291666666666,0.75
0.7553191489361702,0.7531573100914295,0.7595884658454647,0.7553191489361702
0.9032258064516129,0.9019969278033794,0.9185059422750425,0.9032258064516129
0.7391304347826086,0.7076863354037267,0.8215102974828375,0.7391304347826086
0.7083333333333334,0.7031645569620254,0.7472826086956521,0.7083333333333334
0.7903225806451613,0.7822688951851178,0.8537134283570893,0.7903225806451613
0.8285714285714286,0.8251111378108855,0.8448253968253969,0.8285714285714286
0.7674418604651163,0.7602067183462533,0.811891396494444,0.7674418604651163
0.7887323943661971,0.7911095263564509,0.8087636932707355,0.7887323943661971
0.7865168539325843,0.7825062116581278,0.7955536664695447,0.7865168539325843
0.7682926829268293,0.7588298982263431,0.78062797869358,0.7682926829268293
0.8048780487804879,0.7960975609756098,0.8587047939444913,0.8048780487804879
0.7,0.64,0.8,0.7
0.7681159420289855,0.7557750641673796,0.8183066361556064,0.7681159420289855
0.8051948051948052,0.8028554050170109,0.8143501888182739,0.8051948051948052
0.7875,0.7798150875470462,0.8188181818181818,0.7875
0.775,0.7736668861092825,0.7733333333333334,0.775
0.84375,0.8460960960960962,0.8632352941176471,0.84375
0.7727272727272727,0.7685647685647686,0.8061079545454546,0.7727272727272727
0.627906976744186,0.625490788281486,0.7302325581395349,0.627906976744186
0.6153846153846154,0.6153846153846154,0.7440925087983911,0.6153846153846154
0.8260869565217391,0.8267457180500659,0.8399209486166008,0.8260869565217391
0.8461538461538461,0.8461538461538461,0.8461538461538461,0.8461538461538461
0.7674418604651163,0.7636168910648714,0.791343669250646,0.7674418604651163
0.7682926829268293,0.7613997879109227,0.8112835673811284,0.7682926829268293
0.6966292134831461,0.6831678231980093,0.7139152981849611,0.6966292134831461
0.7613636363636364,0.7552205220522051,0.7972178683385581,0.7613636363636364
0.726027397260274,0.720942299709423,0.7732663722171155,0.726027397260274
0.7380952380952381,0.7343300747556066,0.7524038461538461,0.7380952380952381
0.8088235294117647,0.8069529181535627,0.8345289335246294,0.8088235294117647
1.0,1.0,1.0,1.0
0.77,0.7608,0.7907142857142857,0.77
0.7244897959183674,0.7137556321229791,0.7517006802721089,0.7244897959183674
0.7857142857142857,0.780952380952381,0.7848788638262322,0.7857142857142857
0.7789473684210526,0.7743906146610153,0.8009846216312236,0.7789473684210526
0.7790697674418605,0.7771215290595134,0.8122435020519835,0.7790697674418605
0.7555555555555555,0.7441269841269842,0.8026709401709401,0.7555555555555555
0.7922077922077922,0.7915759915759916,0.8006822179188801,0.7922077922077922
0.8113207547169812,0.809299191374663,0.8684962835906233,0.8113207547169812
0.8095238095238095,0.8003663003663003,0.8603174603174603,0.8095238095238095
0.8153846153846154,0.8137808137808137,0.8185404339250493,0.8153846153846154
0.6666666666666666,0.6590389016018305,0.7346938775510203,0.6666666666666666
0.7142857142857143,0.7142857142857143,0.7142857142857143,0.7142857142857143
0.7333333333333333,0.7281385281385281,0.762962962962963,0.7333333333333333
0.6923076923076923,0.6781283232896136,0.7488565488565488,0.6923076923076923
0.8205128205128205,0.8091618526401135,0.8319088319088319,0.8205128205128205
1.0,1.0,1.0,1.0
0.7446808510638298,0.740004676174889,0.7813934084272007,0.7446808510638298
0.71,0.7064480210547626,0.7206809583858765,0.71
0.7567567567567568,0.74007722007722,0.7897897897897898,0.7567567567567568
0.7017543859649122,0.6967418546365913,0.7286967418546366,0.7017543859649122
0.8181818181818182,0.8084415584415584,0.8636363636363636,0.8181818181818182
0.7681159420289855,0.768700523687736,0.816991504247876,0.7681159420289855
0.7142857142857143,0.6714285714285715,0.8095238095238095,0.7142857142857143
0.6777777777777778,0.6702260099427665,0.7148532895935849,0.6777777777777778
0.8181818181818182,0.8084415584415584,0.8636363636363636,0.8181818181818182
0.8222222222222222,0.8195555555555556,0.8477124183006536,0.8222222222222222
0.8095238095238095,0.802393684746626,0.846217001389415,0.8095238095238095
0.8,0.7768833849329205,0.8482758620689655,0.8
0.75,0.7422018348623854,0.7782258064516129,0.75
0.7647058823529411,0.7546218487394958,0.8431372549019607,0.7647058823529411
0.717391304347826,0.7169904409497379,0.7227329192546584,0.717391304347826
0.7407407407407407,0.7283754342577872,0.7367724867724867,0.7407407407407407
0.8666666666666667,0.8629629629629629,0.8933333333333333,0.8666666666666667
0.8,0.8,0.8,0.8
0.7538461538461538,0.7443786982248521,0.7928205128205128,0.7538461538461538
0.6857142857142857,0.6968160519043615,0.7621848739495798,0.6857142857142857
0.6964285714285714,0.6888564949789439,0.7397378581589108,0.6964285714285714
0.66,0.6521395544346364,0.6580392156862744,0.66
0.782608695652174,0.7781914557960498,0.8021705634085885,0.782608695652174
0.7127659574468085,0.7056084460939122,0.7123247377193843,0.7127659574468085
0.6785714285714286,0.6743365330321852,0.6772108843537415,0.6785714285714286
0.7761194029850746,0.7665073558860439,0.7763563136697464,0.7761194029850746
0.75,0.7428419936373276,0.75,0.75
0.6666666666666666,0.6605644546147978,0.7061728395061729,0.6666666666666666
0.8021978021978022,0.7914037575327898,0.8261166694002513,0.8021978021978022
0.8307692307692308,0.8291424028987114,0.83767258382643,0.8307692307692308
0.896551724137931,0.8967989123717711,0.8991789819376026,0.896551724137931
0.7407407407407407,0.7340067340067341,0.7469135802469137,0.7407407407407407
0.7865168539325843,0.7851520467080131,0.7888528113247214,0.7865168539325843
0.875,0.8681818181818182,0.8958333333333334,0.875
0.7872340425531915,0.7805086818292981,0.8021276595744682,0.7872340425531915
0.5384615384615384,0.532967032967033,0.5538461538461539,0.5384615384615384
0.75,0.7317541613316261,0.7687499999999999,0.75
0.6981132075471698,0.673674752920036,0.7376898297284858,0.6981132075471698
0.8095238095238095,0.804945054945055,0.8163265306122449,0.8095238095238095
0.7619047619047619,0.7575460390105698,0.8126984126984127,0.7619047619047619
0.7692307692307693,0.7655948730190792,0.8087867417135709,0.7692307692307693
0.6666666666666666,0.6666666666666666,0.6833333333333333,0.6666666666666666
0.78125,0.7757757757757758,0.8116883116883117,0.78125
0.8181818181818182,0.8137711345258516,0.8322884012539185,0.8181818181818182
0.5,0.6666666666666666,1.0,0.5
0.6153846153846154,0.6013986013986015,0.6602564102564104,0.6153846153846154
0.813953488372093,0.8096124031007752,0.8395348837209302,0.813953488372093
0.7796610169491526,0.7737957378972223,0.8074315514993482,0.7796610169491526
0.6901408450704225,0.6785656467540878,0.7267239802451071,0.6901408450704225
1.0,1.0,1.0,1.0
0.6538461538461539,0.6429477568907853,0.7398504273504274,0.6538461538461539
0.8297872340425532,0.8253036602266243,0.8414441502979595,0.8297872340425532
0.75,0.7502774694783574,0.7555555555555556,0.75
0.759493670886076,0.759493670886076,0.7895259369570612,0.759493670886076
0.7894736842105263,0.7871345029239766,0.8596491228070174,0.7894736842105263
0.7448979591836735,0.7392756533173218,0.7944365246098438,0.7448979591836735
0.6707317073170732,0.6596305185019814,0.7123090324309836,0.6707317073170732
0.7333333333333333,0.72,0.7363636363636364,0.7333333333333333
0.7866666666666666,0.7832034632034632,0.8092603850050659,0.7866666666666666
0.7450980392156863,0.7421167297328287,0.7539531941808982,0.7450980392156863
0.7934782608695652,0.7888492826582033,0.8431385869565217,0.7934782608695652
0.8363636363636363,0.8276363636363637,0.8521064301552107,0.8363636363636363
0.75,0.7538461538461538,0.828125,0.75
0.7936507936507936,0.7899174143681769,0.8069358178053829,0.7936507936507936
0.7816091954022989,0.7753976150171872,0.807372175980975,0.7816091954022989
0.9,0.8967032967032967,0.9142857142857143,0.9
0.8181818181818182,0.8157342657342657,0.8196248196248197,0.8181818181818182
0.6507936507936508,0.6217563837129054,0.7265954000647877,0.6507936507936508
0.8888888888888888,0.886002886002886,0.9074074074074076,0.8888888888888888
0.8235294117647058,0.8109741920483607,0.8642533936651584,0.8235294117647058
0.7848101265822784,0.7784571370439498,0.8348275798717644,0.7848101265822784
0.8245614035087719,0.8255582137161084,0.8285964912280702,0.8245614035087719
0.7682926829268293,0.764046645464183,0.7891025641025641,0.7682926829268293
0.7948717948717948,0.7893870835047306,0.8579881656804733,0.7948717948717948
0.7575757575757576,0.7510489510489511,0.7685950413223142,0.7575757575757576
0.76,0.7514431239388795,0.7759700794763909,0.76
0.7333333333333333,0.7266666666666667,0.8,0.7333333333333333
0.7380952380952381,0.7403337403337403,0.7635281385281386,0.7380952380952381
0.8571428571428571,0.8571428571428571,0.8571428571428571,0.8571428571428571
0.8260869565217391,0.8254281949934124,0.8374581939799333,0.8260869565217391
0.8333333333333334,0.8298412698412698,0.85308908045977,0.8333333333333334
0.6707317073170732,0.6583244962884411,0.7271544715447155,0.6707317073170732
0.7837837837837838,0.7734614409806225,0.7846114056640373,0.7837837837837838
0.810126582278481,0.8006939268210631,0.8430642198130539,0.810126582278481
0.717948717948718,0.7175768639183274,0.7181522181522181,0.717948717948718
0.6666666666666666,0.6546714647474343,0.6880952380952381,0.6666666666666666
0.7631578947368421,0.7631578947368421,0.7900485887021995,0.7631578947368421
0.8297872340425532,0.8262871879893156,0.8262250890536247,0.8297872340425532
0.7105263157894737,0.6954495614035089,0.735725677830941,0.7105263157894737
0.6724137931034483,0.6577518752360908,0.6971750853411172,0.6724137931034483
0.725,0.7186700767263428,0.7472527472527473,0.725
0.8,0.78004158004158,0.8173441734417344,0.8
0.7659574468085106,0.759847244953628,0.7905799588194921,0.7659574468085106
0.7402597402597403,0.7407855302592143,0.7780401416765053,0.7402597402597403
0.7096774193548387,0.7041881268636487,0.7558651026392961,0.7096774193548387
0.8070175438596491,0.8026549891211546,0.8417970602181128,0.8070175438596491
0.8333333333333334,0.8285714285714286,0.875,0.8333333333333334
0.7,0.6876615746180964,0.7185185185185186,0.7
0.7571428571428571,0.7544029304029305,0.7908453303802142,0.7571428571428571
0.7540983606557377,0.748323762471528,0.7637978142076502,0.7540983606557377
1.0,1.0,1.0,1.0
1.0,1.0,1.0,1.0
0.8072289156626506,0.8075651442981228,0.8116507843219568,0.8072289156626506
0.8297872340425532,0.8288588007736943,0.8401891252955084,0.8297872340425532
0.6666666666666666,0.6401012017710309,0.7158067158067158,0.6666666666666666
0.5,0.3333333333333333,0.25,0.5
0.8292682926829268,0.8278429832598864,0.8770731707317073,0.8292682926829268
0.7297297297297297,0.7226914414414414,0.7726640926640926,0.7297297297297297
0.746268656716418,0.7418242271686705,0.7977843341432372,0.746268656716418
0.7448979591836735,0.7392756533173218,0.7944365246098438,0.7448979591836735
0.9166666666666666,0.9160839160839161,0.9285714285714285,0.9166666666666666
0.9166666666666666,0.9185185185185185,0.9333333333333332,0.9166666666666666
0.6923076923076923,0.6923076923076923,0.6923076923076923,0.6923076923076923
0.6428571428571429,0.6156462585034014,0.7185024278047534,0.6428571428571429
0.7972972972972973,0.7943826179120297,0.8064042303172738,0.7972972972972973
0.7228915662650602,0.7153562704425951,0.7461821311218901,0.7228915662650602
0.6774193548387096,0.6642228739002932,0.6754643206256109,0.6774193548387096
0.6176470588235294,0.6031404431691376,0.6301627033792241,0.6176470588235294
0.8,0.7942886282508924,0.8311111111111112,0.8
0.7333333333333333,0.7307917888563049,0.7325337331334333,0.7333333333333333
0.7818181818181819,0.7787390029325513,0.7951107715813598,0.7818181818181819
0.7254901960784313,0.7233589087809037,0.7303454715219421,0.7254901960784313
0.7142857142857143,0.7261904761904762,0.8571428571428571,0.7142857142857143
0.7142857142857143,0.6986466165413534,0.793204238217026,0.7142857142857143
0.7926829268292683,0.7898565817118844,0.8290831674920165,0.7926829268292683
0.68,0.6714285714285714,0.7353233830845771,0.68
0.7142857142857143,0.7103174603174602,0.7197802197802198,0.7142857142857143
0.7640449438202247,0.7571429211690412,0.775694175384218,0.7640449438202247
0.631578947368421,0.6253869969040248,0.6522556390977443,0.631578947368421
0.6938775510204082,0.6892568348093955,0.7343647136273864,0.6938775510204082
0.813953488372093,0.8151668351870576,0.8304641095338771,0.813953488372093
0.7254901960784313,0.7012687427912342,0.7805704099821748,0.7254901960784313
0.6842105263157895,0.6748474960987374,0.7638866396761134,0.6842105263157895
0.7818181818181819,0.775859434682964,0.7901719901719901,0.7818181818181819
0.8266666666666667,0.8266666666666667,0.8630135658914728,0.8266666666666667
0.7887323943661971,0.7809616318601263,0.8157516527737856,0.7887323943661971
0.72,0.7213461538461539,0.7435748792270531,0.72
0.746268656716418,0.7371588547481236,0.7910602268162293,0.746268656716418
0.7450980392156863,0.7378639275970538,0.7814302191464823,0.7450980392156863
0.6708860759493671,0.6494369271060672,0.7102767646427804,0.6708860759493671
0.74,0.7362872297021624,0.7479796264855687,0.74
0.5714285714285714,0.5802197802197802,0.6875477463712759,0.5714285714285714
0.6,0.5888888888888888,0.6,0.6
0.7317073170731707,0.7258358662613982,0.7534157449577098,0.7317073170731707
0.7258064516129032,0.7290238465744207,0.8207497820401045,0.7258064516129032
0.66,0.6521395544346364,0.6580392156862744,0.66
0.8279569892473119,0.818572825024438,0.868437697659709,0.8279569892473119
0.84,0.8373333333333334,0.8461111111111111,0.84
0.7956989247311828,0.7928432311921895,0.8337570845913449,0.7956989247311828
0.7846153846153846,0.7777120315581854,0.8119214119214119,0.7846153846153846
0.8421052631578947,0.8293460925039873,0.8736842105263158,0.8421052631578947
0.7857142857142857,0.7754010695187166,0.8499999999999999,0.7857142857142857
0.25,0.30000000000000004,0.375,0.25
0.717948717948718,0.7071080372384422,0.7478632478632478,0.717948717948718
0.7840909090909091,0.778794437885347,0.8376044932079416,0.7840909090909091
0.75,0.7454545454545455,0.8174603174603176,0.75
0.625,0.6071428571428571,0.8125,0.625
0.7894736842105263,0.7834928229665071,0.8310249307479224,0.7894736842105263
0.8372093023255814,0.8354330808561388,0.857202988529938,0.8372093023255814
0.7291666666666666,0.7183744465528147,0.7328431372549019,0.7291666666666666
0.76,0.7553246753246754,0.7922222222222223,0.76
0.782608695652174,0.7801242236024845,0.8053830227743272,0.782608695652174
0.7619047619047619,0.7551820728291316,0.7823129251700681,0.7619047619047619
0.7307692307692307,0.7224979321753514,0.7519715578539107,0.7307692307692307
0.7727272727272727,0.7713156408808582,0.7995337995337995,0.7727272727272727
0.7058823529411765,0.6911080711354309,0.7263536993744866,0.7058823529411765
0.6666666666666666,0.5333333333333333,0.4444444444444444,0.6666666666666666
0.717948717948718,0.7040545661235316,0.743006993006993,0.717948717948718
0.6538461538461539,0.591715976331361,0.6577480490523969,0.6538461538461539
0.7857142857142857,0.7828123409021485,0.7808965228320067,0.7857142857142857
0.803030303030303,0.8027101758237118,0.8027620096585614,0.803030303030303
0.803030303030303,0.8020787586004977,0.8195773524720893,0.803030303030303
0.7341772151898734,0.7341772151898734,0.7750454462067009,0.7341772151898734
0.7413793103448276,0.7364643470120145,0.7695380109173212,0.7413793103448276
0.8142857142857143,0.8125714285714286,0.8387755102040817,0.8142857142857143
0.7962962962962963,0.7904761904761904,0.8333333333333334,0.7962962962962963
0.7377049180327869,0.7281051543346625,0.7625621430625744,0.7377049180327869
0.6833333333333333,0.6793473193473194,0.7074813944379161,0.6833333333333333
0.7361111111111112,0.726364474290605,0.8103787878787878,0.7361111111111112
0.8636363636363636,0.8644833427442122,0.8977272727272727,0.8636363636363636
0.7638888888888888,0.7616358325219085,0.7742582197273455,0.7638888888888888
0.8,0.7965811965811966,0.807142857142857,0.8
0.8070175438596491,0.7990529878577872,0.837203302373581,0.8070175438596491
0.7894736842105263,0.7850228107266052,0.8228905597326651,0.7894736842105263
0.8571428571428571,0.8561507936507937,0.8591596638655462,0.8571428571428571
0.7708333333333334,0.7610655737704919,0.7886029411764707,0.7708333333333334
0.7959183673469388,0.7911637773388926,0.7979282622139764,0.7959183673469388
0.8243243243243243,0.8162645266915377,0.8509021150530585,0.8243243243243243
0.7142857142857143,0.7071428571428571,0.7777777777777778,0.7142857142857143
0.7692307692307693,0.7631975867269986,0.767094017094017,0.7692307692307693
0.71875,0.7096448975019604,0.7501240694789081,0.71875
0.7,0.68125,0.82,0.7
0.7391304347826086,0.7287784679089028,0.7686335403726708,0.7391304347826086
0.6764705882352942,0.6721797472304573,0.6787330316742082,0.6764705882352942
0.8043478260869565,0.8048103607770583,0.8244306418219461,0.8043478260869565
0.6885245901639344,0.6698270763844534,0.72433970856102,0.6885245901639344
0.7422680412371134,0.7379284637339284,0.7616753985690946,0.7422680412371134
0.6739130434782609,0.6725254394079556,0.7251552795031055,0.6739130434782609
0.7422680412371134,0.7387432147089332,0.7484954026191138,0.7422680412371134
0.8157894736842105,0.81015479876161,0.8160552897395003,0.8157894736842105
0.7142857142857143,0.7108250276854928,0.7814599193909537,0.7142857142857143
0.7021276595744681,0.6927121545610173,0.7079787234042553,0.7021276595744681
0.6486486486486487,0.646074646074646,0.6678951678951679,0.6486486486486487
0.8080808080808081,0.8070195037936974,0.8195868459026353,0.8080808080808081
0.7966101694915254,0.7909882147170283,0.8034344335414807,0.7966101694915254
0.7391304347826086,0.7269260106788711,0.83399209486166,0.7391304347826086
0.7464788732394366,0.7446388005452068,0.7476352367076019,0.7464788732394366
0.8045977011494253,0.7964207323036766,0.8431896914090244,0.8045977011494253
0.8333333333333334,0.8328173374613003,0.8374999999999999,0.8333333333333334
0.8461538461538461,0.8432692307692308,0.8511814982403217,0.8461538461538461
0.7407407407407407,0.7315340909090908,0.7790143084260732,0.7407407407407407
0.8,0.7980676328502415,0.82,0.8
0.5333333333333333,0.5122171945701358,0.6318181818181817,0.5333333333333333
0.8651685393258427,0.8642398532446687,0.8713705062019669,0.8651685393258427
0.896551724137931,0.896551724137931,0.896551724137931,0.896551724137931
0.8333333333333334,0.8148148148148148,0.8666666666666667,0.8333333333333334
0.6629213483146067,0.6550074790412913,0.6819937258626939,0.6629213483146067
0.8153846153846154,0.812978912978913,0.8250769230769232,0.8153846153846154
0.7368421052631579,0.7345992822966507,0.7365369946605643,0.7368421052631579
0.7368421052631579,0.7280301209645116,0.7494736842105263,0.7368421052631579
0.6578947368421053,0.6368464228660248,0.6402500504133899,0.6578947368421053
0.5,0.5,0.8333333333333334,0.5
0.7931034482758621,0.7821316614420062,0.852216748768473,0.7931034482758621
0.7586206896551724,0.7527690700104492,0.795825771324864,0.7586206896551724
0.8604651162790697,0.8591001011122347,0.892665474060823,0.8604651162790697
0.7575757575757576,0.7543123543123543,0.7568542568542568,0.7575757575757576
0.71875,0.7159210235437161,0.7209335299455534,0.71875
1.0,1.0,1.0,1.0
0.7,0.68,0.675,0.7
